GIS Join Match Code,Data File Year,State/US-Abbreviation (USPS),Region Code,Division Code,State Name,State Code,County Name,County Code,County Subdivision Code,Place/Remainder Code,Census Tract Code,Block Group Code,Consolidated City Code,American Indian Area/Alaska Native Area/Hawaiian Home Land Code,American Indian Area/Alaska Native Area (Reservation or Statistical Entity Only) Code,American Indian Area (Off-Reservation Trust Land Only)/Hawaiian Home Land Code,American Indian/Hawaiian Home Land Trust Land Indicator,Tribal Subdivision/Remainder Code,Alaska Native Regional Corporation Code,Metropolitan Statistical Area/Micropolitan Statistical Area Code,Combined Statistical Area Code,Metropolitan Division Code,New England City and Town Area Code,Combined New England City and Town Area Code,New England City and Town Area Division Code,Urban Area Code,"Congressional District (2023-2025, 118th Congress) Code",State Legislative District (Upper Chamber) Code,State Legislative District (Lower Chamber) Code,5-Digit ZIP Code Tabulation Area Code,Subminor Civil Division Code,School District (Elementary)/Remainder Code,School District (Secondary)/Remainder Code,School District (Unified)/Remainder Code,Metropolitan/Micropolitan Principal City Indicator,Public Use Microdata Area Code,Census Geographic Area Identifier,Tribal Census Tract Code,Tribal Block Group Code,TIGER/Line Shapefile Geographic Area Identifier,Geographic Area Full Name,Total,Total,Total,Total,Male,Male: Under 5 years,Male: 5 to 9 years,Male: 10 to 14 years,Male: 15 to 17 years,Male: 18 and 19 years,Male: 20 years,Male: 21 years,Male: 22 to 24 years,Male: 25 to 29 years,Male: 30 to 34 years,Male: 35 to 39 years,Male: 40 to 44 years,Male: 45 to 49 years,Male: 50 to 54 years,Male: 55 to 59 years,Male: 60 and 61 years,Male: 62 to 64 years,Male: 65 and 66 years,Male: 67 to 69 years,Male: 70 to 74 years,Male: 75 to 79 years,Male: 80 to 84 years,Male: 85 years and over,Female,Female: Under 5 years,Female: 5 to 9 years,Female: 10 to 14 years,Female: 15 to 17 years,Female: 18 and 19 years,Female: 20 years,Female: 21 years,Female: 22 to 24 years,Female: 25 to 29 years,Female: 30 to 34 years,Female: 35 to 39 years,Female: 40 to 44 years,Female: 45 to 49 years,Female: 50 to 54 years,Female: 55 to 59 years,Female: 60 and 61 years,Female: 62 to 64 years,Female: 65 and 66 years,Female: 67 to 69 years,Female: 70 to 74 years,Female: 75 to 79 years,Female: 80 to 84 years,Female: 85 years and over,Total,Total,Total,Total,Not Hispanic or Latino,Not Hispanic or Latino: White alone,Not Hispanic or Latino: Black or African American alone,Not Hispanic or Latino: American Indian and Alaska Native alone,Not Hispanic or Latino: Asian alone,Not Hispanic or Latino: Native Hawaiian and Other Pacific Islander alone,Not Hispanic or Latino: Some other race alone,Not Hispanic or Latino: Two or more races,Not Hispanic or Latino: Two or more races: Two races including Some other race,"Not Hispanic or Latino: Two or more races: Two races excluding Some other race, and three or more races",Hispanic or Latino,Hispanic or Latino: White alone,Hispanic or Latino: Black or African American alone,Hispanic or Latino: American Indian and Alaska Native alone,Hispanic or Latino: Asian alone,Hispanic or Latino: Native Hawaiian and Other Pacific Islander alone,Hispanic or Latino: Some other race alone,Hispanic or Latino: Two or more races,Hispanic or Latino: Two or more races: Two races including Some other race,"Hispanic or Latino: Two or more races: Two races excluding Some other race, and three or more races",Total,Total,Total,Total,No schooling completed,Nursery school,Kindergarten,1st grade,2nd grade,3rd grade,4th grade,5th grade,6th grade,7th grade,8th grade,9th grade,10th grade,11th grade,"12th grade, no diploma",Regular high school diploma,GED or alternative credential,"Some college, less than 1 year","Some college, 1 or more years, no degree",Associate's degree,Bachelor's degree,Master's degree,Professional school degree,Doctorate degree,Total,Total,Total,Total,Under .50,.50 to .99,1.00 to 1.24,1.25 to 1.49,1.50 to 1.84,1.85 to 1.99,2.00 and over,county_fips
G5100010,2018-2022,VA,,,Virginia,51,Accomack County,001,,,,,,,,,,,,,,,,,,,,,,,,,,,,,0500000US51001,,,51001,"Accomack County, Virginia",33367,33367,24396,32960,16257,799,979,1040,578,205,408,140,396,939,894,656,943,801,1113,1364,553,633,671,728,921,995,264,237,17110,975,647,1190,627,494,191,114,188,884,933,1049,588,924,1075,1338,467,929,580,909,1129,783,530,566,33367,33367,24396,32960,30283,19813,9446,56,268,0,55,645,113,532,3084,1047,38,23,0,0,524,1452,1452,0,33367,33367,24396,32960,381,0,0,30,4,239,10,129,245,148,407,473,822,1082,527,6992,1070,1391,3187,2051,2970,1747,334,157,33367,33367,24396,32960,2431,2809,2201,1813,2433,1348,19925,51001
G5100030,2018-2022,VA,,,Virginia,51,Albemarle County,003,,,,,,,,,,,,,,,,,,,,,,,,,,,,,0500000US51003,,,51003,"Albemarle County, Virginia",112513,112513,76936,104000,54068,2852,3069,3310,1988,3536,810,488,1656,3361,3565,3544,3237,3074,3216,3149,1426,2101,1407,1792,2568,1801,1121,997,58445,2814,2920,3138,1912,3369,911,682,2122,3557,3540,3578,3249,3142,3343,3976,1593,2148,1504,2095,3179,2139,1741,1793,112513,112513,76936,104000,105880,85372,9943,66,6281,34,264,3920,838,3082,6633,3083,23,59,38,0,1525,1905,1695,210,112513,112513,76936,104000,591,0,33,0,0,96,36,157,241,295,350,548,1089,660,654,9804,1475,3256,6955,4434,23136,14590,4208,4328,112513,112513,76936,104000,3386,3992,1978,2267,4390,1713,86274,51003
G5100050,2018-2022,VA,,,Virginia,51,Alleghany County,005,,,,,,,,,,,,,,,,,,,,,,,,,,,,,0500000US51005,,,51005,"Alleghany County, Virginia",15159,15159,11161,14863,7501,337,400,603,278,139,61,68,320,464,344,360,356,418,525,630,377,172,247,397,338,271,211,185,7658,292,319,361,269,180,128,47,196,396,389,429,287,442,525,625,208,409,261,318,588,425,225,339,15159,15159,11161,14863,14913,13808,783,0,9,0,30,283,14,269,246,192,0,0,0,0,47,7,7,0,15159,15159,11161,14863,47,0,0,19,0,3,20,21,100,52,122,149,214,276,296,4332,513,977,1492,827,967,461,111,162,15159,15159,11161,14863,1209,826,534,612,1105,483,10094,51005
G5100070,2018-2022,VA,,,Virginia,51,Amelia County,007,,,,,,,,,,,,,,,,,,,,,,,,,,,,,0500000US51007,,,51007,"Amelia County, Virginia",13309,13309,9801,13201,6531,400,328,484,122,100,34,15,79,601,342,443,317,454,475,724,123,255,220,189,287,229,64,246,6778,325,283,445,371,235,49,0,238,299,387,312,433,398,469,572,114,418,132,162,366,317,265,188,13309,13309,9801,13201,12854,9746,2675,0,1,0,0,432,110,322,455,182,4,0,0,0,0,269,133,136,13309,13309,9801,13201,102,0,0,0,0,12,0,0,74,14,310,80,160,202,380,3664,779,381,1136,770,1251,416,40,30,13309,13309,9801,13201,461,1008,437,1326,975,124,8870,51007
G5100090,2018-2022,VA,,,Virginia,51,Amherst County,009,,,,,,,,,,,,,,,,,,,,,,,,,,,,,0500000US51009,,,51009,"Amherst County, Virginia",31426,31426,22321,30574,14973,816,714,1063,539,478,98,272,376,895,871,737,1025,859,974,1172,459,688,418,595,773,605,256,290,16453,836,980,796,483,529,355,349,421,777,846,993,863,950,1077,1268,648,556,424,717,876,693,604,412,31426,31426,22321,30574,30587,23285,5720,238,226,22,339,757,123,634,839,266,6,0,0,0,216,351,322,29,31426,31426,22321,30574,296,0,21,0,0,4,15,12,84,131,389,270,491,585,444,6901,1559,1594,2451,2195,2996,1498,99,286,31426,31426,22321,30574,1678,1774,1477,1897,2356,541,20851,51009
G5100110,2018-2022,VA,,,Virginia,51,Appomattox County,011,,,,,,,,,,,,,,,,,,,,,,,,,,,,,0500000US51011,,,51011,"Appomattox County, Virginia",16253,16253,11491,16156,7910,469,487,492,282,129,257,119,161,413,409,608,421,483,528,466,219,439,300,256,367,336,187,82,8343,536,408,595,280,216,89,28,214,592,482,330,537,536,504,465,185,540,313,348,348,359,231,207,16253,16253,11491,16156,15901,12381,2926,1,51,0,245,297,10,287,352,240,17,0,0,0,95,0,0,0,16253,16253,11491,16156,140,0,0,0,0,52,0,10,10,34,187,52,253,276,145,3768,790,1104,1602,853,1626,546,29,14,16253,16253,11491,16156,1050,1175,643,765,1118,445,10960,51011
G5100130,2018-2022,VA,,,Virginia,51,Arlington County,013,,,,,,,,,,,,,,,,,,,,,,,,,,,,,0500000US51013,,,51013,"Arlington County, Virginia",235845,235845,173124,232818,119030,6478,5974,6135,3261,1718,821,644,6896,14750,12705,10476,9266,8161,7442,6660,2337,3105,2196,2655,2931,2123,1151,1145,116815,6342,5398,5959,3140,1704,634,642,6975,14430,12189,10172,8965,7765,6769,6074,2184,3101,1938,2475,3894,2666,1509,1890,235845,235845,173124,232818,199111,140409,21342,393,24224,166,1469,11108,2003,9105,36734,12841,652,476,84,76,11416,11189,9643,1546,235845,235845,173124,232818,1694,0,13,65,349,530,252,98,934,571,674,637,802,572,922,10675,1961,4174,9654,5657,61741,48347,14799,8003,235845,235845,173124,232818,8680,6847,4511,4035,5772,2392,200581,51013
G5100150,2018-2022,VA,,,Virginia,51,Augusta County,015,,,,,,,,,,,,,,,,,,,,,,,,,,,,,0500000US51015,,,51015,"Augusta County, Virginia",77433,77433,57106,73764,39547,1744,2056,2202,1451,799,201,564,1622,2417,2676,2415,2469,2428,2743,3123,1138,1655,1328,1433,1919,1232,905,1027,37886,1708,2096,2024,1272,832,411,365,980,2039,2161,2250,2123,2279,2560,2833,1401,1587,1322,1491,2216,1707,1161,1068,77433,77433,57106,73764,74778,68983,3371,113,346,66,301,1598,302,1296,2655,1338,36,68,0,0,625,588,582,6,77433,77433,57106,73764,398,0,36,21,0,10,22,81,260,467,793,590,1420,1063,625,19116,3871,4248,6572,4232,8937,3193,730,421,77433,77433,57106,73764,2517,3464,2542,2768,3914,1998,56561,51015
G5100170,2018-2022,VA,,,Virginia,51,Bath County,017,,,,,,,,,,,,,,,,,,,,,,,,,,,,,0500000US51017,,,51017,"Bath County, Virginia",4177,4177,3217,4040,2073,108,174,77,0,34,11,21,20,21,161,59,169,58,170,285,78,89,141,56,150,112,38,41,2104,99,64,90,30,15,59,33,125,157,101,87,147,95,101,88,62,79,63,197,95,165,67,85,4177,4177,3217,4040,4146,3893,202,4,14,0,33,0,0,0,31,16,0,0,0,0,15,0,0,0,4177,4177,3217,4040,39,0,0,0,0,0,0,5,3,109,52,50,120,58,13,978,201,313,460,226,408,154,17,11,4177,4177,3217,4040,289,667,284,249,483,48,2020,51017
G5100190,2018-2022,VA,,,Virginia,51,Bedford County,019,,,,,,,,,,,,,,,,,,,,,,,,,,,,,0500000US51019,,,51019,"Bedford County, Virginia",79761,79761,58099,78985,39452,1697,2768,1894,1465,883,515,711,985,2094,2048,1892,2339,2481,2805,3246,1143,2150,1162,1668,2335,1430,955,786,40309,1841,2167,2236,1554,761,405,374,1406,1951,2016,2087,2125,2553,2901,3494,1065,2028,1234,1939,2201,1912,1083,976,79761,79761,58099,78985,77682,68519,4922,49,967,0,649,2576,496,2080,2079,1045,3,4,43,0,332,652,599,53,79761,79761,58099,78985,641,6,0,0,0,9,17,64,114,347,282,418,1080,657,773,14534,2532,4396,8074,5240,11560,5532,1009,814,79761,79761,58099,78985,2778,4383,2900,2447,4832,2071,59574,51019
G5100210,2018-2022,VA,,,Virginia,51,Bland County,021,,,,,,,,,,,,,,,,,,,,,,,,,,,,,0500000US51021,,,51021,"Bland County, Virginia",6241,6241,4995,5247,3540,201,153,107,82,48,25,39,55,306,245,306,243,292,287,241,88,100,84,61,307,153,95,22,2701,62,164,88,93,121,0,8,0,176,160,296,95,18,201,254,57,148,96,164,171,113,55,161,6241,6241,4995,5247,6192,5831,246,6,9,0,0,100,0,100,49,0,5,0,0,0,30,14,14,0,6241,6241,4995,5247,0,0,0,0,0,0,0,4,21,40,39,6,56,182,54,1651,620,446,659,397,565,201,42,12,6241,6241,4995,5247,220,344,96,116,573,287,3611,51021
G5100230,2018-2022,VA,,,Virginia,51,Botetourt County,023,,,,,,,,,,,,,,,,,,,,,,,,,,,,,0500000US51023,,,51023,"Botetourt County, Virginia",33734,33734,24891,33322,16820,699,707,1073,748,466,149,223,444,859,886,678,1114,1079,1324,1309,679,755,538,673,1041,690,362,324,16914,698,972,859,584,347,253,158,463,720,846,702,1025,1055,1297,1275,685,776,557,688,1017,891,535,511,33734,33734,24891,33322,33068,30864,858,41,170,83,96,956,208,748,666,486,0,0,0,0,45,135,131,4,33734,33734,24891,33322,116,0,0,0,0,24,7,8,40,226,190,197,259,395,133,7861,883,1863,2820,2986,4273,2024,361,225,33734,33734,24891,33322,930,1467,787,1065,1416,442,27215,51023
G5100250,2018-2022,VA,,,Virginia,51,Brunswick County,025,,,,,,,,,,,,,,,,,,,,,,,,,,,,,0500000US51025,,,51025,"Brunswick County, Virginia",15965,15965,12066,13666,8513,327,290,386,145,261,250,83,284,804,740,620,489,637,385,585,210,394,206,349,406,345,135,182,7452,328,542,249,221,237,56,5,235,382,360,441,315,419,568,546,367,307,226,456,371,424,157,240,15965,15965,12066,13666,15550,6542,8633,29,15,0,0,331,26,305,415,54,81,5,0,0,205,70,70,0,15965,15965,12066,13666,235,0,0,0,0,70,84,6,89,47,266,340,469,743,484,2834,1328,729,1589,817,1194,595,120,27,15965,15965,12066,13666,1097,1249,764,610,1162,683,8101,51025
G5100270,2018-2022,VA,,,Virginia,51,Buchanan County,027,,,,,,,,,,,,,,,,,,,,,,,,,,,,,0500000US51027,,,51027,"Buchanan County, Virginia",20246,20246,15445,19298,10504,429,348,649,328,192,208,106,244,684,681,717,671,735,777,872,264,486,391,320,556,476,158,212,9742,408,385,551,324,168,76,3,382,458,484,389,660,618,714,716,488,365,427,474,507,477,332,336,20246,20246,15445,19298,20053,19477,369,0,10,0,37,160,0,160,193,94,4,0,0,0,17,78,55,23,20246,20246,15445,19298,316,0,0,0,27,41,40,40,175,432,506,835,586,583,397,4928,1154,919,1693,1084,853,777,43,16,20246,20246,15445,19298,1715,3163,1025,1361,1489,828,9717,51027
G5100290,2018-2022,VA,,,Virginia,51,Buckingham County,029,,,,,,,,,,,,,,,,,,,,,,,,,,,,,0500000US51029,,,51029,"Buckingham County, Virginia",16869,16869,12595,14870,9405,423,381,480,229,228,72,51,315,773,770,766,661,679,694,790,278,240,237,355,427,268,163,125,7464,362,470,420,276,187,105,87,188,289,502,395,380,378,503,469,360,328,224,358,446,395,142,200,16869,16869,12595,14870,16443,10261,5402,33,4,0,37,706,118,588,426,87,27,4,0,0,256,52,39,13,16869,16869,12595,14870,179,0,16,13,10,8,61,110,89,160,198,295,347,276,237,4215,1494,821,1745,790,985,447,46,53,16869,16869,12595,14870,856,1227,849,743,1122,583,9490,51029
G5100310,2018-2022,VA,,,Virginia,51,Campbell County,031,,,,,,,,,,,,,,,,,,,,,,,,,,,,,0500000US51031,,,51031,"Campbell County, Virginia",55518,55518,40012,54722,27091,1287,1817,1341,996,764,618,119,817,1851,1809,1446,1788,1660,1836,1577,1045,1211,618,966,1466,1072,477,510,28427,1544,1504,1464,969,663,267,301,1035,1784,1817,1385,1686,1662,1829,2312,777,1069,703,841,1881,962,1073,899,55518,55518,40012,54722,53817,43320,7791,103,540,24,266,1773,173,1600,1701,456,32,0,15,0,117,1081,1081,0,55518,55518,40012,54722,498,0,0,28,0,45,55,72,69,271,345,593,516,733,584,11305,2411,3209,5800,3616,6576,2824,198,264,55518,55518,40012,54722,2442,3018,3056,3414,3224,1557,38011,51031
G5100330,2018-2022,VA,,,Virginia,51,Caroline County,033,,,,,,,,,,,,,,,,,,,,,,,,,,,,,0500000US51033,,,51033,"Caroline County, Virginia",31181,31181,21511,29697,15457,984,1072,961,523,488,332,425,304,865,1123,1084,897,938,1020,1129,477,510,311,442,751,392,251,178,15724,851,827,1298,553,96,131,202,623,1082,1013,1263,672,961,1081,1110,622,550,353,529,739,545,375,248,31181,31181,21511,29697,29340,19503,7534,127,286,0,258,1632,78,1554,1841,416,90,0,31,0,1013,291,227,64,31181,31181,21511,29697,135,0,18,0,8,21,21,14,31,90,253,162,691,334,512,7234,1372,1410,2752,1654,2961,1334,195,309,31181,31181,21511,29697,1529,1906,455,691,1775,500,22841,51033
G5100350,2018-2022,VA,,,Virginia,51,Carroll County,035,,,,,,,,,,,,,,,,,,,,,,,,,,,,,0500000US51035,,,51035,"Carroll County, Virginia",29126,29126,21867,28950,14335,604,486,977,584,264,271,123,317,930,647,1060,455,898,1029,979,570,723,331,752,1001,671,325,338,14791,627,772,688,466,259,206,38,577,679,699,828,643,958,981,1224,472,772,691,607,862,764,509,469,29126,29126,21867,28950,27900,27224,77,15,38,10,16,520,15,505,1226,348,62,55,0,0,563,198,195,3,29126,29126,21867,28950,250,12,0,0,0,55,36,186,173,324,459,621,679,576,343,6998,1333,1541,2340,2464,2474,737,132,134,29126,29126,21867,28950,1957,2454,1634,1273,2654,988,17990,51035
G5100360,2018-2022,VA,,,Virginia,51,Charles City County,036,,,,,,,,,,,,,,,,,,,,,,,,,,,,,0500000US51036,,,51036,"Charles City County, Virginia",6760,6760,5323,6706,3362,167,126,153,100,91,13,40,90,178,154,249,109,186,256,389,123,136,121,202,194,165,86,34,3398,94,119,149,97,106,34,10,48,186,143,180,151,207,263,311,164,207,189,110,235,203,88,104,6760,6760,5323,6706,6614,2958,2952,377,13,0,29,285,10,275,146,40,16,9,0,0,9,72,72,0,6760,6760,5323,6706,48,0,0,0,0,1,0,3,39,50,45,69,224,216,108,1827,305,406,706,414,628,168,23,43,6760,6760,5323,6706,427,409,204,282,388,286,4710,51036
G5100370,2018-2022,VA,,,Virginia,51,Charlotte County,037,,,,,,,,,,,,,,,,,,,,,,,,,,,,,0500000US51037,,,51037,"Charlotte County, Virginia",11563,11563,8154,11342,5865,330,400,360,384,199,99,82,102,297,280,408,96,322,395,495,185,264,98,315,293,227,185,49,5698,282,279,430,115,87,89,46,125,281,358,353,247,297,386,448,208,254,183,315,251,291,230,143,11563,11563,8154,11342,11264,7896,3008,0,42,0,5,313,0,313,299,263,11,0,0,0,5,20,20,0,11563,11563,8154,11342,138,0,0,0,0,5,46,10,53,53,64,170,208,278,240,2567,535,691,918,822,789,475,88,4,11563,11563,8154,11342,1085,1219,421,666,831,414,6706,51037
G5100410,2018-2022,VA,,,Virginia,51,Chesterfield County,041,,,,,,,,,,,,,,,,,,,,,,,,,,,,,0500000US51041,,,51041,"Chesterfield County, Virginia",366019,366019,247120,361091,177338,11006,12750,12304,8197,5118,2632,2216,6146,10301,11038,11997,12201,11792,11916,11691,4585,6268,3979,5247,7188,4353,2507,1906,188681,10396,11045,12843,7685,5311,2300,2227,6723,10713,11878,13177,12735,12469,12533,12366,4884,7679,4275,5574,9435,5530,3580,3323,366019,366019,247120,361091,329925,216335,84775,466,12755,192,2127,13275,1481,11794,36094,10099,1720,358,76,88,17362,6391,4837,1554,366019,366019,247120,361091,2264,50,5,80,137,495,498,455,1582,782,1378,1715,2406,3111,3281,46829,8162,16152,31888,21266,64038,31571,4918,4057,366019,366019,247120,361091,12240,11923,8104,9321,16201,7064,296238,51041
G5100430,2018-2022,VA,,,Virginia,51,Clarke County,043,,,,,,,,,,,,,,,,,,,,,,,,,,,,,0500000US51043,,,51043,"Clarke County, Virginia",14882,14882,10904,14615,7353,282,427,354,331,146,37,20,370,310,372,334,409,490,668,658,201,462,207,206,496,345,118,110,7529,250,354,499,328,260,19,97,204,283,359,329,442,451,615,692,331,302,220,173,527,290,292,212,14882,14882,10904,14615,13897,12544,678,44,184,0,61,386,96,290,985,576,2,0,0,0,299,108,39,69,14882,14882,10904,14615,78,0,0,0,0,14,0,20,2,26,54,93,81,174,144,2749,465,750,1602,891,2420,920,266,155,14882,14882,10904,14615,356,433,277,268,269,348,12664,51043
G5100450,2018-2022,VA,,,Virginia,51,Craig County,045,,,,,,,,,,,,,,,,,,,,,,,,,,,,,0500000US51045,,,51045,"Craig County, Virginia",4898,4898,3476,4740,2446,177,174,161,133,0,3,20,1,81,160,88,54,214,195,312,97,44,77,60,100,92,74,129,2452,198,159,178,51,88,53,0,26,125,219,80,128,127,164,163,221,63,12,49,156,122,69,1,4898,4898,3476,4740,4852,4638,2,0,0,0,59,153,0,153,46,0,1,0,0,0,13,32,0,32,4898,4898,3476,4740,32,0,0,0,0,16,23,15,0,0,13,54,72,164,31,1357,94,126,541,383,378,148,0,29,4898,4898,3476,4740,219,299,45,100,1015,253,2809,51045
G5100470,2018-2022,VA,,,Virginia,51,Culpeper County,047,,,,,,,,,,,,,,,,,,,,,,,,,,,,,0500000US51047,,,51047,"Culpeper County, Virginia",52822,52822,35453,51171,26404,1618,1773,1892,1124,875,302,340,700,1528,1352,1919,1907,1663,1850,1651,953,1022,468,816,1022,703,492,434,26418,1647,1791,2003,1114,639,259,176,1116,1309,1433,1840,1686,1619,1620,1798,814,958,611,807,1207,963,526,482,52822,52822,35453,51171,46276,35908,6858,154,381,60,192,2723,537,2186,6546,1805,212,14,0,0,3384,1131,981,150,52822,52822,35453,51171,457,0,0,0,42,114,33,68,301,103,176,488,819,674,490,9992,2064,2257,4635,3222,6226,2602,305,385,52822,52822,35453,51171,1635,2117,1435,1429,3287,1426,39842,51047
G5100490,2018-2022,VA,,,Virginia,51,Cumberland County,049,,,,,,,,,,,,,,,,,,,,,,,,,,,,,0500000US51049,,,51049,"Cumberland County, Virginia",9697,9697,7215,9691,4887,256,248,349,256,52,23,79,196,269,284,238,110,431,325,278,183,298,87,142,320,242,82,139,4810,169,59,370,190,83,15,0,137,252,317,533,206,213,332,404,190,151,116,157,429,156,50,281,9697,9697,7215,9691,9583,6181,2911,4,79,10,0,398,0,398,114,0,35,0,0,0,29,50,32,18,9697,9697,7215,9691,94,0,0,0,24,22,66,26,42,29,119,109,174,173,125,1985,517,487,1106,780,705,526,44,62,9697,9697,7215,9691,209,561,567,130,609,717,6898,51049
G5100510,2018-2022,VA,,,Virginia,51,Dickenson County,051,,,,,,,,,,,,,,,,,,,,,,,,,,,,,0500000US51051,,,51051,"Dickenson County, Virginia",14089,14089,10379,13625,7165,324,313,521,261,115,78,96,198,384,398,559,367,481,494,582,168,285,209,324,388,331,212,77,6924,325,249,489,242,148,83,161,107,376,358,330,470,415,408,568,157,282,168,342,478,312,219,237,14089,14089,10379,13625,13941,13715,102,22,50,0,6,46,0,46,148,54,0,4,0,0,5,85,39,46,14089,14089,10379,13625,100,0,2,0,0,8,6,61,117,134,316,315,300,363,212,3391,692,948,1253,975,970,168,29,19,14089,14089,10379,13625,1543,1519,681,1118,1205,218,7341,51051
G5100530,2018-2022,VA,,,Virginia,51,Dinwiddie County,053,,,,,,,,,,,,,,,,,,,,,,,,,,,,,0500000US51053,,,51053,"Dinwiddie County, Virginia",28057,28057,20159,27279,14111,775,782,1017,511,467,161,100,544,860,847,952,645,867,1002,1353,355,517,341,541,587,458,315,114,13946,661,962,538,467,338,142,217,216,971,877,852,709,904,1003,1001,466,775,517,540,559,634,307,290,28057,28057,20159,27279,26951,17605,8635,5,215,16,141,334,33,301,1106,735,0,0,0,0,170,201,201,0,28057,28057,20159,27279,268,0,0,0,0,14,0,24,86,226,87,129,327,633,314,6268,1692,1485,2731,2276,2227,995,211,166,28057,28057,20159,27279,1332,1682,500,498,2058,1189,20020,51053
G5100570,2018-2022,VA,,,Virginia,51,Essex County,057,,,,,,,,,,,,,,,,,,,,,,,,,,,,,0500000US51057,,,51057,"Essex County, Virginia",10602,10602,7710,10501,4988,245,186,354,200,115,25,160,128,192,177,213,224,510,323,477,160,184,109,324,253,204,82,143,5614,256,266,195,147,329,21,21,244,278,277,202,269,438,391,251,302,352,151,265,404,231,139,185,10602,10602,7710,10501,10133,5724,3994,35,60,0,6,314,26,288,469,344,0,0,0,0,0,125,52,73,10602,10602,7710,10501,165,6,0,0,0,2,3,0,23,58,189,125,332,300,138,2508,293,747,1252,388,779,318,42,42,10602,10602,7710,10501,820,977,608,763,513,421,6399,51057
G5100590,2018-2022,VA,,,Virginia,51,Fairfax County,059,,,,,,,,,,,,,,,,,,,,,,,,,,,,,0500000US51059,,,51059,"Fairfax County, Virginia",1145354,1145354,782543,1134981,573140,35426,38585,38256,24159,14637,5704,6986,22607,37567,39198,41692,41596,40271,39599,37366,15347,19678,11302,14476,20592,14443,7553,6100,572214,33718,34173,38209,22412,13780,5904,5516,22739,35139,37288,43401,39453,40487,39715,38577,14311,19624,11579,16222,22772,15521,10583,11091,1145354,1145354,782543,1134981,956072,556076,110543,1286,230697,584,7449,49437,6316,43121,189282,64445,2514,3161,963,107,62507,55585,46852,8733,1145354,1145354,782543,1134981,12986,83,159,451,790,1290,887,1514,5146,1678,2695,4880,2896,4124,11256,85218,9941,27492,63977,43431,248678,185979,39763,27229,1145354,1145354,782543,1134981,33436,34465,22341,22167,33953,13946,974673,51059
G5100610,2018-2022,VA,,,Virginia,51,Fauquier County,061,,,,,,,,,,,,,,,,,,,,,,,,,,,,,0500000US51061,,,51061,"Fauquier County, Virginia",73290,73290,50357,72837,36589,2036,2706,2278,1660,979,492,452,1148,1832,2012,3136,1781,2198,2587,3039,963,1650,872,1276,1349,1080,692,371,36701,2067,1894,2751,1554,999,173,451,1293,1727,2105,2235,2317,2402,2659,3108,718,1626,1103,1104,1510,1234,853,818,73290,73290,50357,72837,66066,56848,4815,98,1294,21,286,2704,387,2317,7224,3984,29,73,24,0,841,2273,1913,360,73290,73290,50357,72837,383,0,0,0,7,111,83,2,194,146,541,467,534,797,644,10826,1430,3890,6997,3451,12142,5486,1224,1002,73290,73290,50357,72837,1679,2562,1278,1593,2189,1067,62469,51061
G5100630,2018-2022,VA,,,Virginia,51,Floyd County,063,,,,,,,,,,,,,,,,,,,,,,,,,,,,,0500000US51063,,,51063,"Floyd County, Virginia",15532,15532,11686,15414,7649,350,425,393,279,144,107,89,218,362,462,362,473,506,581,453,422,327,310,341,381,267,203,194,7883,311,303,480,268,103,70,151,155,433,360,470,320,469,520,558,234,608,222,240,656,318,342,292,15532,15532,11686,15414,15076,14401,469,16,59,0,31,100,0,100,456,220,0,27,3,0,22,184,184,0,15532,15532,11686,15414,97,0,0,0,0,5,22,53,9,169,65,56,282,212,100,3949,493,520,1498,1445,1588,798,154,171,15532,15532,11686,15414,804,649,693,608,1124,895,10641,51063
G5100650,2018-2022,VA,,,Virginia,51,Fluvanna County,065,,,,,,,,,,,,,,,,,,,,,,,,,,,,,0500000US51065,,,51065,"Fluvanna County, Virginia",27442,27442,20240,25778,12811,686,796,729,556,283,131,91,331,751,872,817,757,716,848,1187,223,469,306,637,556,549,232,288,14631,701,921,565,471,316,1,76,548,972,1072,883,1003,968,963,1223,400,513,426,621,735,533,431,289,27442,27442,20240,25778,26295,20879,3559,33,227,23,187,1387,233,1154,1147,326,0,0,154,0,342,325,102,223,27442,27442,20240,25778,201,0,25,0,0,0,14,0,23,37,37,117,266,385,254,4286,779,1804,3055,1713,4547,2016,183,498,27442,27442,20240,25778,564,997,1141,481,679,150,21766,51065
G5100670,2018-2022,VA,,,Virginia,51,Franklin County,067,,,,,,,,,,,,,,,,,,,,,,,,,,,,,0500000US51067,,,51067,"Franklin County, Virginia",54838,54838,39873,53168,27147,1086,1153,1993,1049,686,420,399,793,1290,1280,1284,1392,1538,2027,2505,861,1100,814,1241,1885,1143,617,591,27691,1289,1448,1278,963,699,445,391,873,1308,1398,1436,1131,1706,1941,2227,1178,1122,792,1548,1705,931,1173,709,54838,54838,39873,53168,53200,47536,4217,22,353,5,14,1053,131,922,1638,427,23,120,0,0,370,698,469,229,54838,54838,39873,53168,372,51,0,0,9,19,40,70,161,297,455,546,855,499,739,11163,2603,3660,4906,3920,6109,2602,448,349,54838,54838,39873,53168,2890,4156,2248,2267,3071,2090,36446,51067
G5100690,2018-2022,VA,,,Virginia,51,Frederick County,069,,,,,,,,,,,,,,,,,,,,,,,,,,,,,0500000US51069,,,51069,"Frederick County, Virginia",92007,92007,64068,90311,46279,2831,3047,3077,2159,1110,363,569,1658,2698,2913,2929,2935,2936,3172,3170,1316,1790,1056,1397,2213,1475,792,673,45728,2423,2377,3340,1657,815,346,581,1586,2677,2826,3029,2876,2668,3122,2805,1463,2107,1203,1751,2022,1899,958,1197,92007,92007,64068,90311,82690,74293,3850,64,1737,90,207,2449,235,2214,9317,4805,52,280,57,0,2562,1561,1196,365,92007,92007,64068,90311,600,0,52,0,19,153,148,231,583,303,637,942,1639,1075,867,16855,3145,5162,8198,4821,10918,5958,1143,619,92007,92007,64068,90311,3489,2625,1774,3099,4765,1981,72578,51069
G5100710,2018-2022,VA,,,Virginia,51,Giles County,071,,,,,,,,,,,,,,,,,,,,,,,,,,,,,0500000US51071,,,51071,"Giles County, Virginia",16711,16711,12132,16527,8254,383,657,347,302,207,99,61,286,452,464,476,468,542,649,709,230,267,231,247,521,360,144,152,8457,430,567,377,299,164,166,97,137,469,482,546,356,507,676,630,256,330,224,326,536,365,230,287,16711,16711,12132,16527,16392,15751,377,3,59,39,0,163,36,127,319,131,0,0,0,0,0,188,176,12,16711,16711,12132,16527,189,0,0,1,0,5,0,18,37,44,107,217,203,170,173,4571,377,882,1779,1023,1376,689,105,166,16711,16711,12132,16527,808,788,648,1055,923,444,11861,51071
G5100730,2018-2022,VA,,,Virginia,51,Gloucester County,073,,,,,,,,,,,,,,,,,,,,,,,,,,,,,0500000US51073,,,51073,"Gloucester County, Virginia",38875,38875,28272,38172,19309,915,1066,1376,707,409,455,204,469,1010,1109,1330,1102,1232,1199,1700,545,946,587,603,1075,581,422,267,19566,939,993,1092,664,220,206,364,524,987,1157,1104,1310,1119,1474,1660,630,1056,480,756,1115,624,551,541,38875,38875,28272,38172,37281,32344,3172,9,238,0,94,1424,366,1058,1594,523,0,74,20,0,201,776,744,32,38875,38875,28272,38172,238,0,16,16,21,23,22,10,55,62,271,308,489,954,358,7202,1389,2163,4863,2603,4511,2184,254,260,38875,38875,28272,38172,1604,1242,563,871,2350,1945,29597,51073
G5100750,2018-2022,VA,,,Virginia,51,Goochland County,075,,,,,,,,,,,,,,,,,,,,,,,,,,,,,0500000US51075,,,51075,"Goochland County, Virginia",24906,24906,18847,23876,12404,542,523,838,415,438,18,98,364,543,603,717,699,744,992,1166,270,695,484,535,785,518,301,116,12502,363,472,531,542,421,8,47,439,659,701,546,677,926,909,1168,479,614,412,523,856,509,276,424,24906,24906,18847,23876,24097,19290,3596,9,429,0,48,725,176,549,809,339,6,0,0,0,383,81,5,76,24906,24906,18847,23876,13,0,5,0,65,0,33,24,17,122,100,48,376,173,116,3408,967,1225,2324,1456,4704,2452,727,492,24906,24906,18847,23876,659,350,568,420,614,352,20913,51075
G5100770,2018-2022,VA,,,Virginia,51,Grayson County,077,,,,,,,,,,,,,,,,,,,,,,,,,,,,,0500000US51077,,,51077,"Grayson County, Virginia",15356,15356,11769,14450,8064,304,392,368,219,103,111,151,202,674,412,312,536,593,606,596,288,334,397,324,484,312,249,97,7292,277,331,392,216,110,120,47,244,307,308,349,342,481,478,497,411,337,260,325,486,577,204,193,15356,15356,11769,14450,14755,13567,789,0,184,0,30,185,19,166,601,281,63,0,0,0,8,249,176,73,15356,15356,11769,14450,148,0,0,0,27,15,0,11,109,116,252,336,414,429,139,3716,937,751,1242,1467,1216,352,51,41,15356,15356,11769,14450,947,1753,1039,1041,920,494,8256,51077
G5100790,2018-2022,VA,,,Virginia,51,Greene County,079,,,,,,,,,,,,,,,,,,,,,,,,,,,,,0500000US51079,,,51079,"Greene County, Virginia",20631,20631,14314,20446,9860,580,615,576,414,384,57,63,330,608,563,640,601,710,661,687,392,303,229,304,550,258,205,130,10771,568,525,967,575,214,117,40,292,629,598,773,363,840,705,799,207,422,356,369,533,565,149,165,20631,20631,14314,20446,19267,16534,1326,18,481,15,194,699,20,679,1364,130,0,0,0,0,901,333,162,171,20631,20631,14314,20446,142,2,0,0,16,0,13,0,0,55,208,204,251,332,306,3891,739,1064,1857,1242,2476,1159,61,296,20631,20631,14314,20446,684,1589,477,570,474,586,16066,51079
G5100810,2018-2022,VA,,,Virginia,51,Greensville County,081,,,,,,,,,,,,,,,,,,,,,,,,,,,,,0500000US51081,,,51081,"Greensville County, Virginia",11373,11373,8609,8427,6951,234,139,348,63,144,31,174,238,729,819,501,526,516,828,503,118,231,159,165,246,127,39,73,4422,282,302,254,228,85,0,10,232,162,299,207,139,253,374,164,183,274,169,117,280,213,92,103,11373,11373,8609,8427,10795,4071,5995,4,37,0,4,684,6,678,578,65,95,13,0,0,315,90,90,0,11373,11373,8609,8427,224,0,0,0,0,0,36,74,121,35,194,158,295,382,229,1880,1499,847,869,610,751,300,41,64,11373,11373,8609,8427,702,388,525,645,964,212,4991,51081
G5100830,2018-2022,VA,,,Virginia,51,Halifax County,083,,,,,,,,,,,,,,,,,,,,,,,,,,,,,0500000US51083,,,51083,"Halifax County, Virginia",34013,34013,24647,33112,16334,878,1026,905,698,564,186,205,390,992,903,738,793,889,1037,1355,437,649,509,769,1003,580,516,312,17679,826,1134,737,634,306,117,109,651,1036,845,739,974,965,1170,1518,462,671,455,650,1421,868,670,721,34013,34013,24647,33112,33208,20329,11814,32,72,0,17,944,47,897,805,266,5,0,0,0,163,371,364,7,34013,34013,24647,33112,420,0,0,0,20,0,50,81,203,242,781,506,884,814,397,7280,1610,1607,3194,2347,2798,1060,202,151,34013,34013,24647,33112,2066,2801,1763,2407,2779,1265,20031,51083
G5100850,2018-2022,VA,,,Virginia,51,Hanover County,085,,,,,,,,,,,,,,,,,,,,,,,,,,,,,0500000US51085,,,51085,"Hanover County, Virginia",110513,110513,76949,108429,54636,2846,3228,3981,2433,1680,851,833,1782,2603,3011,3422,3376,3539,3858,3976,1742,2222,1511,2018,2297,1545,877,1005,55877,2549,3036,3556,2292,1474,783,529,1711,2588,3173,3927,3028,3611,3987,4469,1616,2392,1415,1872,3055,2120,1456,1238,110513,110513,76949,108429,106846,90780,9368,151,1859,92,537,4059,638,3421,3667,1203,223,36,18,6,920,1261,1212,49,110513,110513,76949,108429,799,0,0,47,6,13,3,72,214,142,236,518,556,987,715,16279,2455,5237,10052,6421,20372,8834,1794,1197,110513,110513,76949,108429,2616,3004,2233,2854,3273,1275,93174,51085
G5100870,2018-2022,VA,,,Virginia,51,Henrico County,087,,,,,,,,,,,,,,,,,,,,,,,,,,,,,0500000US51087,,,51087,"Henrico County, Virginia",333120,333120,232800,329884,159152,9999,10225,11000,6803,3835,1313,1897,6259,11038,11690,11504,10783,10178,10514,10918,3869,5041,3948,4230,5832,3372,2349,2555,173968,9544,10187,10055,6397,3420,1857,1896,5633,11689,12494,11130,12484,11153,11391,11541,4324,7082,3770,5840,8067,4640,4426,4948,333120,333120,232800,329884,312678,169516,97757,308,31395,119,1360,12223,1984,10239,20442,5999,955,354,0,0,7907,5227,4060,1167,333120,333120,232800,329884,2938,20,63,24,0,239,244,208,1093,560,907,1624,2484,2384,3781,42992,7546,13216,30978,15842,62157,31376,7174,4950,333120,333120,232800,329884,11801,15969,8383,11005,16865,6592,259269,51087
G5100890,2018-2022,VA,,,Virginia,51,Henry County,089,,,,,,,,,,,,,,,,,,,,,,,,,,,,,0500000US51089,,,51089,"Henry County, Virginia",50760,50760,37373,49816,24420,1104,1236,1648,891,514,251,244,784,1255,1291,1085,1551,1451,1784,1952,862,1080,827,750,1512,1077,662,609,26340,1154,1147,1660,984,590,232,276,672,1169,1383,1341,1313,1567,1857,1852,739,1452,843,896,1786,1369,1077,981,50760,50760,37373,49816,47690,34892,11595,23,249,0,134,797,63,734,3070,1051,41,0,0,0,1230,748,724,24,50760,50760,37373,49816,826,0,91,0,9,38,21,54,339,520,936,905,1225,1540,493,10233,3238,2521,4853,4151,3474,1698,159,49,50760,50760,37373,49816,2800,5235,3224,3653,4451,2306,28147,51089
G5100910,2018-2022,VA,,,Virginia,51,Highland County,091,,,,,,,,,,,,,,,,,,,,,,,,,,,,,0500000US51091,,,51091,"Highland County, Virginia",2247,2247,1716,2243,1034,33,24,27,18,2,9,52,6,58,36,30,54,16,78,88,34,58,54,99,101,79,48,30,1213,28,88,38,32,2,62,0,110,19,44,34,11,23,83,88,42,91,31,51,126,114,31,65,2247,2247,1716,2243,2247,2120,0,0,69,0,0,58,13,45,0,0,0,0,0,0,0,0,0,0,2247,2247,1716,2243,16,0,0,0,0,0,0,4,9,5,38,15,42,25,17,566,78,150,155,70,346,132,25,23,2247,2247,1716,2243,134,96,67,99,171,108,1568,51091
G5100930,2018-2022,VA,,,Virginia,51,Isle of Wight County,093,,,,,,,,,,,,,,,,,,,,,,,,,,,,,0500000US51093,,,51093,"Isle of Wight County, Virginia",38898,38898,27889,38628,19422,1020,1282,1175,773,403,274,213,575,979,1072,973,1460,1135,1357,1835,589,868,686,611,860,776,326,180,19476,892,1134,1140,783,388,232,132,593,949,1144,1051,1313,1209,1330,1614,561,954,372,817,1177,677,483,531,38898,38898,27889,38628,37329,27025,8459,69,393,12,107,1264,88,1176,1569,363,136,13,9,0,510,538,298,240,38898,38898,27889,38628,151,14,0,0,0,17,38,89,74,28,154,402,682,364,445,6390,1638,2170,4177,2750,4938,2536,441,391,38898,38898,27889,38628,1345,2426,1339,993,1146,462,30917,51093
G5100950,2018-2022,VA,,,Virginia,51,James City County,095,,,,,,,,,,,,,,,,,,,,,,,,,,,,,0500000US51095,,,51095,"James City County, Virginia",78818,78818,57505,77952,38132,1981,2150,2297,1472,853,698,226,1168,1748,2038,2232,2072,2291,2492,2459,982,1788,936,1554,2665,1620,1346,1064,40686,1863,1964,2317,1412,879,529,251,1253,1569,1901,2466,2114,2296,2567,2178,1686,2018,951,1958,3344,2457,1531,1182,78818,78818,57505,77952,73796,57947,9867,14,2009,22,505,3432,536,2896,5022,1925,89,18,3,0,867,2120,1852,268,78818,78818,57505,77952,384,0,0,0,0,0,29,8,109,12,300,286,401,502,416,9537,1553,3383,6759,5064,15086,9721,1921,2034,78818,78818,57505,77952,2298,3377,1385,1426,2154,1474,65838,51095
G5100970,2018-2022,VA,,,Virginia,51,King and Queen County,097,,,,,,,,,,,,,,,,,,,,,,,,,,,,,0500000US51097,,,51097,"King and Queen County, Virginia",6681,6681,5203,6671,3485,198,189,232,115,0,0,0,106,277,185,226,133,289,214,332,100,194,160,154,148,141,31,61,3196,102,176,112,102,85,15,5,41,233,117,165,220,191,226,407,77,126,116,203,188,139,138,12,6681,6681,5203,6671,6438,4408,1611,27,0,0,34,358,13,345,243,64,0,0,0,0,173,6,0,6,6681,6681,5203,6671,86,0,0,0,0,0,0,8,9,26,22,72,124,224,135,1579,142,277,853,472,873,224,16,61,6681,6681,5203,6671,761,569,261,114,144,70,4752,51097
G5100990,2018-2022,VA,,,Virginia,51,King George County,099,,,,,,,,,,,,,,,,,,,,,,,,,,,,,0500000US51099,,,51099,"King George County, Virginia",26985,26985,17979,26644,13719,803,1148,886,527,315,55,295,675,716,935,914,908,885,1019,1029,401,396,264,487,423,257,226,155,13266,763,638,1323,571,268,119,162,458,772,852,853,1037,873,904,1051,356,396,182,420,480,322,231,235,26985,26985,17979,26644,25271,18901,4251,25,366,0,506,1222,193,1029,1714,677,13,0,0,0,465,559,522,37,26985,26985,17979,26644,315,9,0,21,0,43,41,12,23,39,146,122,262,460,247,4381,587,1474,2206,1324,3694,2122,120,331,26985,26985,17979,26644,972,874,860,659,1009,538,21732,51099
G5101010,2018-2022,VA,,,Virginia,51,King William County,101,,,,,,,,,,,,,,,,,,,,,,,,,,,,,0500000US51101,,,51101,"King William County, Virginia",17845,17845,12367,17697,8842,587,588,613,359,313,146,76,196,493,615,539,600,519,639,485,404,347,273,308,331,165,78,168,9003,487,450,644,341,316,41,60,261,606,604,358,804,534,610,711,186,390,312,232,413,264,170,209,17845,17845,12367,17697,17324,13785,2655,167,135,11,2,569,0,569,521,295,10,1,0,0,29,186,162,24,17845,17845,12367,17697,17,0,0,0,0,0,14,6,18,0,77,110,149,304,110,3599,744,997,2179,975,2299,616,153,0,17845,17845,12367,17697,665,755,452,445,818,389,14173,51101
G5101030,2018-2022,VA,,,Virginia,51,Lancaster County,103,,,,,,,,,,,,,,,,,,,,,,,,,,,,,0500000US51103,,,51103,"Lancaster County, Virginia",10866,10866,8739,10632,5325,243,263,247,141,118,23,34,96,145,153,164,322,187,337,377,148,277,198,353,576,437,193,293,5541,106,223,168,204,115,34,34,78,216,181,153,145,378,292,438,241,308,275,388,483,428,263,390,10866,10866,8739,10632,10615,7225,2954,0,54,0,82,300,38,262,251,79,42,6,0,0,104,20,20,0,10866,10866,8739,10632,164,0,0,0,0,0,24,0,38,19,90,123,300,171,263,2244,278,515,963,724,1598,637,350,238,10866,10866,8739,10632,319,1170,600,404,459,302,7378,51103
G5101050,2018-2022,VA,,,Virginia,51,Lee County,105,,,,,,,,,,,,,,,,,,,,,,,,,,,,,0500000US51105,,,51105,"Lee County, Virginia",22287,22287,16643,20708,11812,568,551,707,391,229,69,118,381,794,915,724,825,838,776,845,396,367,306,477,651,479,262,143,10475,459,452,640,394,92,96,133,364,518,535,371,739,676,756,792,408,414,338,348,764,440,533,213,22287,22287,16643,20708,21811,20520,895,26,57,0,0,313,13,300,476,256,30,0,0,0,25,165,155,10,22287,22287,16643,20708,197,23,0,0,0,70,33,120,194,332,428,326,625,569,121,5056,1046,1075,3291,1220,1408,378,73,58,22287,22287,16643,20708,2229,3151,1001,1350,1496,720,10761,51105
G5101070,2018-2022,VA,,,Virginia,51,Loudoun County,107,,,,,,,,,,,,,,,,,,,,,,,,,,,,,0500000US51107,,,51107,"Loudoun County, Virginia",420773,420773,272771,418293,210848,13922,16034,18354,10450,5344,2039,2713,6714,10301,12792,15916,19587,18157,16189,13559,4374,5494,2986,3793,4890,2954,2196,2090,209925,13482,15584,17039,10083,5056,1694,2138,7356,10241,13824,17168,18910,16846,15195,12275,4380,5591,2769,4303,5909,4337,2821,2924,420773,420773,272771,418293,362575,223608,31103,675,86463,287,2447,17992,2121,15871,58198,18245,1087,506,213,20,16377,21750,18732,3018,420773,420773,272771,418293,4017,43,61,0,70,54,45,345,980,1080,877,1682,1890,1107,3136,26969,3919,10789,25972,16514,97356,60957,9175,5733,420773,420773,272771,418293,8613,7093,4878,6092,9010,3244,379363,51107
G5101090,2018-2022,VA,,,Virginia,51,Louisa County,109,,,,,,,,,,,,,,,,,,,,,,,,,,,,,0500000US51109,,,51109,"Louisa County, Virginia",38106,38106,27905,37938,19078,1083,1034,1091,745,314,288,345,470,1052,1159,867,1375,1100,1293,1386,587,1181,607,947,853,708,462,131,19028,924,1036,1071,631,284,196,123,566,1075,1036,967,1349,1125,1327,1747,810,760,844,585,1068,632,436,436,38106,38106,27905,37938,36740,29161,5130,72,185,11,143,2038,459,1579,1366,644,0,0,0,0,367,355,307,48,38106,38106,27905,37938,301,0,9,0,0,0,43,90,174,267,240,446,487,619,492,7946,1476,2076,3900,2130,4102,2489,390,228,38106,38106,27905,37938,1180,2940,1677,593,2621,692,28235,51109
G5101110,2018-2022,VA,,,Virginia,51,Lunenburg County,111,,,,,,,,,,,,,,,,,,,,,,,,,,,,,0500000US51111,,,51111,"Lunenburg County, Virginia",11988,11988,8799,11083,6285,298,333,401,178,166,81,53,144,320,402,599,386,366,433,423,158,316,145,256,386,167,188,86,5703,272,205,447,211,46,53,45,256,231,382,326,296,304,323,485,143,228,169,233,416,243,156,233,11988,11988,8799,11083,11258,7003,3922,2,40,0,0,291,32,259,730,19,7,0,0,0,480,224,224,0,11988,11988,8799,11083,124,0,0,0,16,64,87,71,58,101,171,270,363,285,260,2309,898,713,1405,627,654,276,30,17,11988,11988,8799,11083,351,1094,979,415,976,24,7244,51111
G5101130,2018-2022,VA,,,Virginia,51,Madison County,113,,,,,,,,,,,,,,,,,,,,,,,,,,,,,0500000US51113,,,51113,"Madison County, Virginia",13828,13828,10115,13612,6764,318,363,420,251,154,137,55,89,359,469,380,342,380,407,561,235,297,149,311,529,275,177,106,7064,416,333,456,211,187,39,116,168,284,399,457,262,455,425,560,413,213,212,217,565,300,175,201,13828,13828,10115,13612,13353,11632,1087,4,90,0,20,520,0,520,475,217,0,0,8,0,53,197,196,1,13828,13828,10115,13612,59,0,0,0,0,0,30,0,44,63,170,345,221,208,174,3168,357,675,1406,717,1288,855,211,124,13828,13828,10115,13612,486,597,759,868,875,630,9397,51113
G5101150,2018-2022,VA,,,Virginia,51,Mathews County,115,,,,,,,,,,,,,,,,,,,,,,,,,,,,,0500000US51115,,,51115,"Mathews County, Virginia",8537,8537,6472,8454,4124,131,205,219,207,133,65,6,217,83,119,124,276,291,256,382,86,202,160,115,343,294,114,96,4413,136,111,90,192,78,0,154,121,91,137,77,251,335,292,303,152,392,231,224,318,289,294,145,8537,8537,6472,8454,8276,7208,767,0,0,31,21,249,46,203,261,204,0,0,0,0,9,48,25,23,8537,8537,6472,8454,22,0,0,0,0,3,0,0,7,0,0,32,155,73,80,1801,231,291,1229,619,1402,419,84,24,8537,8537,6472,8454,354,224,244,211,148,249,7024,51115
G5101170,2018-2022,VA,,,Virginia,51,Mecklenburg County,117,,,,,,,,,,,,,,,,,,,,,,,,,,,,,0500000US51117,,,51117,"Mecklenburg County, Virginia",30367,30367,22650,29350,15032,773,735,838,629,347,87,105,564,1021,775,935,597,790,913,946,640,786,494,687,984,688,447,251,15335,728,648,853,390,177,147,118,578,757,745,810,681,854,948,1292,441,775,581,541,1279,683,598,711,30367,30367,22650,29350,29426,18342,10092,124,309,4,11,544,12,532,941,599,31,10,2,0,148,151,143,8,30367,30367,22650,29350,399,0,0,0,23,25,51,24,144,254,290,371,515,583,383,6486,1277,1327,3300,2335,2959,1654,183,67,30367,30367,22650,29350,2801,2707,1246,1484,2418,1115,17579,51117
G5101190,2018-2022,VA,,,Virginia,51,Middlesex County,119,,,,,,,,,,,,,,,,,,,,,,,,,,,,,0500000US51119,,,51119,"Middlesex County, Virginia",10738,10738,8382,10259,5360,206,304,234,176,100,74,34,122,272,252,256,205,277,334,420,161,235,134,358,394,405,229,178,5378,171,251,271,87,63,0,8,255,229,236,244,201,205,331,344,201,375,204,335,522,392,183,270,10738,10738,8382,10259,10402,8343,1546,0,84,19,165,245,38,207,336,136,42,0,0,0,42,116,116,0,10738,10738,8382,10259,28,4,0,0,0,18,0,0,100,13,109,144,168,145,160,2050,347,504,1405,707,1679,588,93,120,10738,10738,8382,10259,466,524,320,371,553,297,7728,51119
G5101210,2018-2022,VA,,,Virginia,51,Montgomery County,121,,,,,,,,,,,,,,,,,,,,,,,,,,,,,0500000US51121,,,51121,"Montgomery County, Virginia",99373,99373,55915,88977,51542,1916,1872,2487,1294,5734,3125,3382,3883,3532,3153,2805,2593,2462,2635,2575,1111,1141,1048,1008,1667,1042,650,427,47831,1846,2316,2024,1239,4520,2514,2440,2866,2993,2936,2652,2217,2540,2430,2181,1115,1708,757,971,2410,1492,911,753,99373,99373,55915,88977,95854,82133,3992,238,6314,134,595,2448,274,2174,3519,1231,62,48,143,8,923,1104,946,158,99373,99373,55915,88977,264,22,0,17,0,0,0,184,57,144,179,481,726,291,439,10904,2283,3294,6683,3937,12154,8640,1474,3742,99373,99373,55915,88977,17325,4819,2349,2177,5242,1686,55379,51121
G5101250,2018-2022,VA,,,Virginia,51,Nelson County,125,,,,,,,,,,,,,,,,,,,,,,,,,,,,,0500000US51125,,,51125,"Nelson County, Virginia",14773,14773,11116,14726,7463,445,319,507,221,165,201,70,233,228,337,348,327,468,447,616,218,420,349,430,479,343,196,96,7310,254,450,189,170,103,91,26,213,321,438,376,417,339,459,610,178,366,257,679,488,329,326,231,14773,14773,11116,14726,14096,11911,1830,10,29,0,48,268,119,149,677,249,0,0,0,0,319,109,14,95,14773,14773,11116,14726,42,0,0,0,0,0,52,56,0,120,117,223,287,272,321,3188,717,602,1053,683,2024,926,170,263,14773,14773,11116,14726,817,1133,447,280,1203,458,10388,51125
G5101270,2018-2022,VA,,,Virginia,51,New Kent County,127,,,,,,,,,,,,,,,,,,,,,,,,,,,,,0500000US51127,,,51127,"New Kent County, Virginia",23296,23296,17446,22685,12186,500,633,906,397,262,251,79,376,589,936,940,815,831,848,952,268,560,384,489,577,348,125,120,11110,465,678,568,300,171,26,45,193,779,793,677,718,946,696,881,541,476,391,513,390,512,177,174,23296,23296,17446,22685,22365,17957,3054,159,264,0,0,931,96,835,931,507,4,0,0,0,280,140,95,45,23296,23296,17446,22685,42,0,0,0,0,4,0,30,51,3,55,66,276,140,355,4280,838,1506,2350,1587,4110,1465,58,230,23296,23296,17446,22685,197,692,634,235,867,569,19491,51127
G5101310,2018-2022,VA,,,Virginia,51,Northampton County,131,,,,,,,,,,,,,,,,,,,,,,,,,,,,,0500000US51131,,,51131,"Northampton County, Virginia",12132,12132,9104,11845,5722,276,256,478,214,48,15,82,131,354,295,250,299,259,416,446,133,307,184,274,434,281,132,158,6410,271,373,262,192,175,90,16,149,243,289,326,268,283,362,585,291,349,197,313,518,305,245,308,12132,12132,9104,11845,10986,6718,3785,4,134,0,0,345,37,308,1146,360,58,0,1,0,301,426,418,8,12132,12132,9104,11845,73,0,0,0,33,38,27,1,174,85,107,70,196,202,188,2455,366,431,1320,667,1593,759,184,135,12132,12132,9104,11845,744,1239,500,595,716,234,7817,51131
G5101330,2018-2022,VA,,,Virginia,51,Northumberland County,133,,,,,,,,,,,,,,,,,,,,,,,,,,,,,0500000US51133,,,51133,"Northumberland County, Virginia",12007,12007,9305,11927,5555,142,46,329,99,109,41,100,208,234,116,155,311,155,316,419,179,430,258,270,486,371,579,202,6452,234,277,297,350,148,43,149,130,186,248,303,195,183,290,401,360,401,197,449,589,462,389,171,12007,12007,9305,11927,11518,8183,2510,0,104,0,33,688,106,582,489,269,0,0,0,0,0,220,44,176,12007,12007,9305,11927,124,0,0,0,21,7,0,0,149,26,57,110,42,287,182,2290,309,480,1317,765,1757,1053,166,163,12007,12007,9305,11927,1003,764,276,376,648,260,8600,51133
G5101350,2018-2022,VA,,,Virginia,51,Nottoway County,135,,,,,,,,,,,,,,,,,,,,,,,,,,,,,0500000US51135,,,51135,"Nottoway County, Virginia",15638,15638,11219,13887,8295,388,529,311,189,233,32,22,381,816,560,491,819,513,618,568,223,334,181,185,487,224,134,57,7343,394,369,474,409,155,81,37,415,322,420,463,348,352,411,381,211,512,165,244,448,273,177,282,15638,15638,11219,13887,14855,8451,5944,3,83,0,32,342,45,297,783,319,11,0,0,0,30,423,319,104,15638,15638,11219,13887,145,0,0,48,0,56,9,43,0,83,256,124,381,324,354,3594,835,721,1579,866,1308,330,93,70,15638,15638,11219,13887,1225,1427,908,535,1023,359,8410,51135
G5101370,2018-2022,VA,,,Virginia,51,Orange County,137,,,,,,,,,,,,,,,,,,,,,,,,,,,,,0500000US51137,,,51137,"Orange County, Virginia",36593,36593,26211,35955,18178,1098,1218,992,702,476,205,209,508,1107,1290,1059,968,1111,1171,1427,774,611,590,792,646,446,526,252,18415,935,820,1270,696,320,200,223,510,964,1081,1260,909,1047,1381,1518,459,790,457,677,1165,705,550,478,36593,36593,26211,35955,34387,28064,4457,5,536,0,72,1253,44,1209,2206,507,31,12,8,0,430,1218,897,321,36593,36593,26211,35955,396,0,0,0,0,13,0,55,84,115,253,340,623,243,556,8119,1151,2183,3013,1911,4377,2185,428,166,36593,36593,26211,35955,1893,2777,512,1104,954,555,28160,51137
G5101390,2018-2022,VA,,,Virginia,51,Page County,139,,,,,,,,,,,,,,,,,,,,,,,,,,,,,0500000US51139,,,51139,"Page County, Virginia",23753,23753,17364,23527,11987,621,742,646,475,265,215,174,258,643,693,920,481,752,905,971,408,459,398,487,558,412,289,215,11766,585,709,538,423,195,192,209,142,686,643,761,560,731,866,881,378,563,380,569,545,511,358,341,23753,23753,17364,23527,23191,22001,423,29,79,0,148,511,93,418,562,76,0,0,0,0,110,376,328,48,23753,23753,17364,23527,259,0,0,0,0,0,39,22,68,305,330,195,878,681,276,6633,1273,1227,1650,976,1419,885,146,102,23753,23753,17364,23527,667,1694,1041,826,2754,436,16109,51139
G5101410,2018-2022,VA,,,Virginia,51,Patrick County,141,,,,,,,,,,,,,,,,,,,,,,,,,,,,,0500000US51141,,,51141,"Patrick County, Virginia",17660,17660,13562,17189,8930,408,329,611,293,120,89,84,233,434,383,496,386,644,686,731,328,486,349,311,639,356,418,116,8730,371,483,316,262,128,41,51,279,328,383,622,193,649,605,690,150,609,325,344,662,647,225,367,17660,17660,13562,17189,17083,15809,993,12,82,0,10,177,17,160,577,278,0,0,0,0,144,155,155,0,17660,17660,13562,17189,183,0,0,0,0,13,0,83,179,243,332,238,539,311,97,3637,1247,1035,1717,1500,1530,545,54,79,17660,17660,13562,17189,998,966,1183,790,947,798,11507,51141
G5101430,2018-2022,VA,,,Virginia,51,Pittsylvania County,143,,,,,,,,,,,,,,,,,,,,,,,,,,,,,0500000US51143,,,51143,"Pittsylvania County, Virginia",60541,60541,44958,59197,30142,1258,1584,1562,1179,569,578,262,1051,1652,1666,1564,1721,2005,2260,1958,1150,1672,938,1250,1711,1372,796,384,30399,1230,1420,1775,1038,577,349,284,867,1444,1261,1597,1706,1935,2073,2269,980,1798,1076,1374,1867,1583,1192,704,60541,60541,44958,59197,58781,44580,11820,33,288,0,23,2037,214,1823,1760,585,22,5,0,0,807,341,260,81,60541,60541,44958,59197,509,0,0,100,73,120,29,85,300,377,869,836,1867,1227,707,13746,3363,3502,6210,4300,4666,1738,188,146,60541,60541,44958,59197,3476,6238,3598,2909,4545,1803,36628,51143
G5101450,2018-2022,VA,,,Virginia,51,Powhatan County,145,,,,,,,,,,,,,,,,,,,,,,,,,,,,,0500000US51145,,,51145,"Powhatan County, Virginia",30503,30503,22976,28724,16003,664,708,948,574,378,124,165,526,908,979,1010,1247,1180,1225,1277,529,725,235,727,886,549,335,104,14500,649,528,943,477,183,215,110,335,632,796,917,1040,1031,1190,1195,521,699,380,704,757,709,279,210,30503,30503,22976,28724,29749,25992,2660,29,47,0,133,888,203,685,754,248,25,77,0,0,128,276,218,58,30503,30503,22976,28724,182,0,0,0,63,41,0,0,7,28,138,352,512,373,248,4711,1628,1743,3266,2158,5397,1688,367,74,30503,30503,22976,28724,595,710,228,919,906,272,25094,51145
G5101470,2018-2022,VA,,,Virginia,51,Prince Edward County,147,,,,,,,,,,,,,,,,,,,,,,,,,,,,,0500000US51147,,,51147,"Prince Edward County, Virginia",21922,21922,12652,16499,11433,538,459,406,409,1321,787,579,727,619,593,552,596,557,523,677,201,372,138,277,506,261,166,169,10489,390,501,411,168,1184,441,428,521,613,613,468,465,437,535,497,201,548,241,213,612,241,298,463,21922,21922,12652,16499,21131,13269,6522,81,308,185,11,755,45,710,791,468,37,17,0,0,129,140,104,36,21922,21922,12652,16499,268,0,2,0,0,31,0,38,15,188,48,78,399,244,154,3581,886,884,1711,721,2077,968,89,270,21922,21922,12652,16499,1345,1643,681,704,959,444,10723,51147
G5101490,2018-2022,VA,,,Virginia,51,Prince George County,149,,,,,,,,,,,,,,,,,,,,,,,,,,,,,0500000US51149,,,51149,"Prince George County, Virginia",42634,42634,27630,36712,23947,1133,1188,1284,770,1817,402,513,1449,2232,2041,2093,1685,1271,1213,1109,566,669,507,503,571,369,333,229,18687,966,878,1492,632,875,245,350,1010,1397,1230,1184,1184,901,1152,844,552,818,450,643,591,609,389,295,42634,42634,27630,36712,38517,22428,12876,107,715,182,175,2034,99,1935,4117,1370,379,128,39,0,652,1549,989,560,42634,42634,27630,36712,350,0,0,0,12,28,8,67,51,124,218,338,532,764,442,6346,2164,2598,4189,2742,4623,1522,303,209,42634,42634,27630,36712,1994,1046,1961,1764,1387,575,27985,51149
G5101530,2018-2022,VA,,,Virginia,51,Prince William County,153,,,,,,,,,,,,,,,,,,,,,,,,,,,,,0500000US51153,,,51153,"Prince William County, Virginia",481114,481114,308899,475568,242456,16985,18118,19573,11484,6547,3472,3447,9719,15148,15998,18557,17987,17596,16999,15671,5318,7074,3493,4538,6919,3907,2417,1489,238658,16062,16771,18324,10815,5948,3298,2704,8948,15095,16139,18193,17825,17131,16368,14959,4694,7713,3979,5015,7897,4930,3403,2447,481114,481114,308899,475568,360989,192778,97109,656,46309,442,1668,22027,1964,20063,120125,48866,2442,2010,299,34,35985,30489,26264,4225,481114,481114,308899,475568,8702,104,88,175,431,853,605,613,2800,1252,1938,3229,1906,2226,6130,53639,7926,18929,38051,24395,79259,45133,5377,5138,481114,481114,308899,475568,14388,14380,9856,13942,19016,9183,394803,51153
G5101550,2018-2022,VA,,,Virginia,51,Pulaski County,155,,,,,,,,,,,,,,,,,,,,,,,,,,,,,0500000US51155,,,51155,"Pulaski County, Virginia",33841,33841,25456,32419,17127,774,811,902,559,312,271,113,582,1169,1163,896,986,1176,1390,1637,427,560,299,632,1155,616,374,323,16714,785,698,1026,482,256,221,124,469,932,925,865,821,1104,1218,1614,298,644,802,713,952,862,566,337,33841,33841,25456,32419,33183,30479,1688,3,167,73,65,708,74,634,658,429,9,10,6,0,125,79,61,18,33841,33841,25456,32419,331,0,0,0,0,15,21,41,59,130,251,233,487,543,351,7088,1647,1938,4334,2605,3222,1711,288,161,33841,33841,25456,32419,2022,2239,1276,1049,1932,1181,22720,51155
G5101570,2018-2022,VA,,,Virginia,51,Rappahannock County,157,,,,,,,,,,,,,,,,,,,,,,,,,,,,,0500000US51157,,,51157,"Rappahannock County, Virginia",7422,7422,5568,7393,3746,183,140,307,121,119,17,39,83,167,189,213,186,191,238,293,112,172,97,212,242,221,112,92,3676,113,289,128,54,48,27,12,174,119,199,204,219,166,242,445,118,127,127,182,255,288,60,80,7422,7422,5568,7393,7104,6444,327,18,16,0,79,220,23,197,318,35,0,0,0,0,256,27,14,13,7422,7422,5568,7393,21,0,0,0,0,11,0,25,34,26,84,44,136,91,53,1372,286,382,718,402,1030,598,137,118,7422,7422,5568,7393,342,223,297,357,517,134,5523,51157
G5101590,2018-2022,VA,,,Virginia,51,Richmond County,159,,,,,,,,,,,,,,,,,,,,,,,,,,,,,0500000US51159,,,51159,"Richmond County, Virginia",8968,8968,6785,7367,5035,224,294,142,145,143,37,41,175,151,570,381,297,449,538,404,132,191,50,137,209,135,144,46,3933,277,258,184,28,14,0,88,133,200,165,170,262,245,191,213,201,229,79,111,316,268,169,132,8968,8968,6785,7367,8296,5422,2438,35,0,0,1,400,9,391,672,34,3,0,0,0,304,331,322,9,8968,8968,6785,7367,208,0,0,0,0,69,39,14,62,35,156,144,350,467,148,1774,618,291,561,640,770,329,55,55,8968,8968,6785,7367,295,261,717,379,331,307,5077,51159
G5101610,2018-2022,VA,,,Virginia,51,Roanoke County,161,,,,,,,,,,,,,,,,,,,,,,,,,,,,,0500000US51161,,,51161,"Roanoke County, Virginia",96653,96653,69897,94199,46725,2330,2849,2908,1790,1106,555,547,1409,2857,2928,3021,2765,3103,3149,3403,1441,1595,1300,1506,2680,1532,880,1071,49928,2073,2662,2704,1912,1282,584,480,1565,2583,2853,3273,2661,3122,3239,3734,1651,1552,1135,2063,3250,2439,1449,1662,96653,96653,69897,94199,93251,81166,5880,127,3385,41,254,2398,466,1932,3402,1531,25,231,86,24,634,871,749,122,96653,96653,69897,94199,795,0,0,0,70,23,13,140,64,374,355,491,850,806,701,15746,3178,5417,7980,6662,16855,6170,1803,1404,96653,96653,69897,94199,3251,3414,2485,3505,4564,2405,74575,51161
G5101630,2018-2022,VA,,,Virginia,51,Rockbridge County,163,,,,,,,,,,,,,,,,,,,,,,,,,,,,,0500000US51163,,,51163,"Rockbridge County, Virginia",22673,22673,17030,22299,11175,472,462,681,394,157,50,86,497,569,580,437,795,603,735,1109,209,495,425,534,753,619,213,300,11498,433,625,557,424,251,181,166,207,545,604,599,510,602,754,1080,363,423,321,527,785,609,377,555,22673,22673,17030,22299,22188,20548,811,15,159,0,215,440,55,385,485,164,176,0,0,0,76,69,69,0,22673,22673,17030,22299,157,0,0,0,0,15,0,0,57,226,156,72,373,357,186,4871,963,937,2461,1062,2660,1724,397,356,22673,22673,17030,22299,956,1027,1164,1156,1444,864,15688,51163
G5101650,2018-2022,VA,,,Virginia,51,Rockingham County,165,,,,,,,,,,,,,,,,,,,,,,,,,,,,,0500000US51165,,,51165,"Rockingham County, Virginia",83905,83905,57436,81827,41490,2435,2269,3049,1669,1215,550,944,1291,2316,2540,2468,2439,2397,2665,2858,1278,1613,1025,1504,1925,1434,852,754,42415,2276,2525,2514,1626,1403,654,815,1234,2363,2393,2920,2049,2285,2660,2954,1113,1685,1152,1429,2127,1834,1030,1374,83905,83905,57436,81827,77344,72641,1882,22,750,50,252,1747,351,1396,6561,2771,150,65,4,0,1170,2401,1547,854,83905,83905,57436,81827,559,0,0,10,54,164,50,92,233,335,1463,862,1733,1132,677,17563,3323,3223,5594,3813,9785,4790,782,1199,83905,83905,57436,81827,3110,4051,2831,3018,4575,2393,61849,51165
G5101670,2018-2022,VA,,,Virginia,51,Russell County,167,,,,,,,,,,,,,,,,,,,,,,,,,,,,,0500000US51167,,,51167,"Russell County, Virginia",25763,25763,19105,25489,12869,592,712,634,448,259,254,250,348,741,658,764,747,856,881,1130,405,534,506,604,603,486,231,226,12894,592,485,812,429,221,241,198,183,665,686,655,761,823,888,1087,410,592,487,607,662,705,434,271,25763,25763,19105,25489,25585,24770,493,49,10,77,8,178,62,116,178,79,27,8,0,0,0,64,1,63,25763,25763,19105,25489,253,0,0,9,0,59,26,206,118,394,591,338,594,601,71,6220,1571,1416,2256,1984,1641,539,57,161,25763,25763,19105,25489,2116,2809,1231,1591,2459,1133,14150,51167
G5101690,2018-2022,VA,,,Virginia,51,Scott County,169,,,,,,,,,,,,,,,,,,,,,,,,,,,,,0500000US51169,,,51169,"Scott County, Virginia",21536,21536,16157,20729,10954,435,492,656,455,202,128,108,353,649,609,610,664,680,743,925,373,394,335,436,610,544,288,265,10582,382,458,634,355,176,133,98,314,509,529,437,706,646,742,824,262,507,362,437,770,566,339,396,21536,21536,16157,20729,21213,20686,252,22,23,33,14,183,35,148,323,213,0,0,0,0,0,110,110,0,21536,21536,16157,20729,214,0,0,9,45,53,82,39,146,256,471,267,662,330,175,4890,1055,1492,2021,1707,1470,707,38,28,21536,21536,16157,20729,1425,2098,1588,1084,1521,713,12300,51169
G5101710,2018-2022,VA,,,Virginia,51,Shenandoah County,171,,,,,,,,,,,,,,,,,,,,,,,,,,,,,0500000US51171,,,51171,"Shenandoah County, Virginia",44337,44337,31621,43835,21907,1300,1287,1352,891,552,138,276,633,1203,1384,1402,1094,1248,1528,1688,514,976,672,847,1132,908,482,400,22430,1211,1296,1225,877,488,176,152,862,1168,1172,1256,1271,1263,1525,1532,691,1001,597,923,1244,962,850,688,44337,44337,31621,43835,40787,37941,1128,10,533,11,88,1076,249,827,3550,1352,88,51,5,0,626,1428,1285,143,44337,44337,31621,43835,564,10,8,5,5,74,71,83,82,124,221,465,536,592,775,10830,1948,2626,3299,2762,3848,2143,319,231,44337,44337,31621,43835,2213,3291,2148,1953,2316,1212,30702,51171
G5101730,2018-2022,VA,,,Virginia,51,Smyth County,173,,,,,,,,,,,,,,,,,,,,,,,,,,,,,0500000US51173,,,51173,"Smyth County, Virginia",29799,29799,21792,29048,14783,668,650,1008,578,277,184,193,581,888,900,730,893,998,1063,1052,662,491,459,553,743,602,368,242,15016,660,669,990,495,275,177,232,370,803,786,723,904,1040,1041,1046,408,681,574,591,850,677,500,524,29799,29799,21792,29048,29126,27923,519,44,108,23,0,509,104,405,673,473,11,0,0,0,78,111,106,5,29799,29799,21792,29048,218,0,21,15,0,57,22,27,93,164,469,499,960,416,373,6987,1403,1611,2335,2319,2431,1085,162,125,29799,29799,21792,29048,2366,3094,1910,1729,2576,1162,16211,51173
G5101750,2018-2022,VA,,,Virginia,51,Southampton County,175,,,,,,,,,,,,,,,,,,,,,,,,,,,,,0500000US51175,,,51175,"Southampton County, Virginia",18003,18003,13236,16546,9450,439,519,468,346,178,169,110,198,475,483,651,327,759,868,842,205,596,232,217,692,335,196,145,8553,418,426,506,355,174,156,129,176,379,478,400,509,525,602,591,441,353,222,315,524,328,306,240,18003,18003,13236,16546,17608,10975,5398,54,59,0,102,1020,2,1018,395,139,23,0,0,0,0,233,139,94,18003,18003,13236,16546,125,10,0,0,0,0,96,34,73,106,123,246,369,373,195,3483,882,1697,1808,1106,1701,593,149,67,18003,18003,13236,16546,586,798,556,406,1086,580,12534,51175
G5101770,2018-2022,VA,,,Virginia,51,Spotsylvania County,177,,,,,,,,,,,,,,,,,,,,,,,,,,,,,0500000US51177,,,51177,"Spotsylvania County, Virginia",141097,141097,94502,140211,70013,4291,4650,5468,3279,1808,1066,918,2448,4495,4452,4821,4434,4605,4793,4504,2195,2534,1273,1765,2867,1724,1002,621,71084,4076,4526,5108,3137,1645,735,984,2456,4278,4622,4554,4650,4606,4996,4602,1912,2883,1561,2187,3023,2225,1152,1166,141097,141097,94502,140211,125126,91463,23116,178,3669,84,371,6245,511,5734,15971,4770,557,138,195,0,6893,3418,2657,761,141097,141097,94502,140211,1297,0,16,42,62,92,77,250,402,227,624,1294,1443,1332,1321,22702,3482,6501,14636,7241,18959,9800,1498,1204,141097,141097,94502,140211,4777,5531,3011,4710,6486,2411,113285,51177
G5101790,2018-2022,VA,,,Virginia,51,Stafford County,179,,,,,,,,,,,,,,,,,,,,,,,,,,,,,0500000US51179,,,51179,"Stafford County, Virginia",157606,157606,101532,153799,79848,5048,5061,7066,3919,2186,1514,856,3511,5118,5288,5416,6108,5722,5567,5867,1546,2178,1219,1760,2211,1398,876,413,77758,4710,5485,6027,3766,2088,987,936,2914,4599,5082,5315,6025,5428,5549,5298,1744,2407,1534,1930,2284,1766,1086,798,157606,157606,101532,153799,134086,87976,29338,207,5815,12,1063,9675,2304,7371,23520,6112,584,197,109,7,10875,5636,4516,1120,157606,157606,101532,153799,890,92,9,54,129,91,142,342,477,429,497,1190,867,1083,920,19434,2941,6192,14068,7951,26284,14354,1693,1403,157606,157606,101532,153799,3329,4939,2542,2873,5336,2509,132271,51179
G5101810,2018-2022,VA,,,Virginia,51,Surry County,181,,,,,,,,,,,,,,,,,,,,,,,,,,,,,0500000US51181,,,51181,"Surry County, Virginia",6546,6546,4969,6517,3285,185,148,162,90,46,12,0,131,202,195,204,187,102,232,220,218,201,53,106,329,97,107,58,3261,138,86,190,108,102,17,25,137,93,197,147,134,194,236,248,169,218,59,144,277,163,77,102,6546,6546,4969,6517,6361,3528,2728,3,8,0,0,94,0,94,185,94,0,0,0,0,62,29,29,0,6546,6546,4969,6517,37,0,0,0,0,0,0,22,1,52,44,79,141,141,98,1340,279,407,825,335,871,226,41,30,6546,6546,4969,6517,211,659,349,197,235,181,4685,51181
G5101830,2018-2022,VA,,,Virginia,51,Sussex County,183,,,,,,,,,,,,,,,,,,,,,,,,,,,,,0500000US51183,,,51183,"Sussex County, Virginia",10866,10866,7976,9402,6320,222,294,219,128,185,74,147,367,616,741,452,363,439,391,386,136,259,156,152,275,141,135,42,4546,228,172,359,149,28,10,65,243,194,189,297,269,222,326,233,231,234,155,107,347,255,123,110,10866,10866,7976,9402,10484,4345,5934,2,50,0,0,153,0,153,382,183,22,17,0,0,60,100,70,30,10866,10866,7976,9402,48,0,0,0,3,0,0,26,14,120,105,93,363,396,320,2082,928,509,1166,575,779,364,37,48,10866,10866,7976,9402,621,577,391,540,897,90,6286,51183
G5101850,2018-2022,VA,,,Virginia,51,Tazewell County,185,,,,,,,,,,,,,,,,,,,,,,,,,,,,,0500000US51185,,,51185,"Tazewell County, Virginia",40392,40392,29102,38764,20128,924,1415,1027,800,483,176,159,841,1125,1149,1194,1384,1289,1242,1172,594,991,702,635,1340,601,511,374,20264,1024,976,1088,689,452,269,199,768,1025,963,1192,1034,1227,1289,1458,665,844,601,874,1384,1175,669,399,40392,40392,29102,38764,39924,37650,1421,20,279,18,16,520,51,469,468,50,209,0,0,0,83,126,103,23,40392,40392,29102,38764,486,0,0,82,19,39,41,119,34,362,510,638,615,671,355,9370,1948,2173,3934,3067,3126,1147,152,214,40392,40392,29102,38764,3321,3714,1479,3026,3461,1644,22119,51185
G5101870,2018-2022,VA,,,Virginia,51,Warren County,187,,,,,,,,,,,,,,,,,,,,,,,,,,,,,0500000US51187,,,51187,"Warren County, Virginia",40800,40800,28642,39879,20570,1081,1432,1395,712,482,338,280,621,1195,1364,1218,1282,1337,1492,1495,702,1001,509,757,823,500,430,124,20230,1152,1247,1111,737,460,134,279,697,1335,1283,1531,950,1176,1468,1520,534,987,523,761,803,558,625,359,40800,40800,28642,39879,38219,33938,2106,20,546,0,287,1322,248,1074,2581,630,79,56,0,0,1110,706,588,118,40800,40800,28642,39879,493,0,0,6,0,67,7,25,129,179,220,322,621,590,537,8285,1561,2706,4287,2184,4225,1499,433,266,40800,40800,28642,39879,2651,2120,1024,1269,2556,1240,29019,51187
G5101910,2018-2022,VA,,,Virginia,51,Washington County,191,,,,,,,,,,,,,,,,,,,,,,,,,,,,,0500000US51191,,,51191,"Washington County, Virginia",53985,53985,40259,52469,26961,1059,1406,1406,888,782,292,339,939,1578,1506,1627,1534,1728,1972,1800,770,1373,845,1303,1484,1218,686,426,27024,1052,1252,1312,933,685,229,439,713,1355,1338,1447,1544,1708,1837,1900,1024,1282,798,1232,1783,1631,744,786,53985,53985,40259,52469,53107,51160,910,47,276,0,34,680,230,450,878,230,18,1,0,0,255,374,344,30,53985,53985,40259,52469,258,14,43,42,9,28,5,47,309,215,686,442,847,711,673,11456,2956,2946,4672,4010,6328,2526,707,329,53985,53985,40259,52469,2602,3701,1918,2308,4623,1792,35525,51191
G5101930,2018-2022,VA,,,Virginia,51,Westmoreland County,193,,,,,,,,,,,,,,,,,,,,,,,,,,,,,0500000US51193,,,51193,"Westmoreland County, Virginia",18480,18480,13910,18295,8916,315,406,625,355,248,118,96,178,518,534,345,425,473,637,585,457,361,360,265,615,259,430,311,9564,571,370,465,261,161,74,8,319,574,584,513,426,679,442,609,275,716,250,317,872,456,328,294,18480,18480,13910,18295,17221,11548,4459,27,204,0,127,856,266,590,1259,158,48,0,0,0,767,286,286,0,18480,18480,13910,18295,183,0,4,0,83,40,128,103,88,122,232,342,606,416,177,4908,664,674,1731,955,1385,747,247,75,18480,18480,13910,18295,1765,1170,620,1513,984,279,11964,51193
G5101950,2018-2022,VA,,,Virginia,51,Wise County,195,,,,,,,,,,,,,,,,,,,,,,,,,,,,,0500000US51195,,,51195,"Wise County, Virginia",36105,36105,25997,33203,18850,839,903,1090,613,577,176,85,1009,1312,1468,1197,1366,1300,1234,1372,427,671,404,809,907,639,217,235,17255,769,1003,978,665,395,336,197,473,1005,952,875,1180,1119,1163,1069,499,879,371,828,1027,689,453,330,36105,36105,25997,33203,35623,32767,1662,46,389,0,88,671,139,532,482,129,36,9,0,0,74,234,191,43,36105,36105,25997,33203,293,9,1,0,3,40,20,199,208,423,609,834,966,1023,478,7262,1712,1756,3394,2537,2532,1322,285,91,36105,36105,25997,33203,2808,3804,1829,1761,2958,1102,18941,51195
G5101970,2018-2022,VA,,,Virginia,51,Wythe County,197,,,,,,,,,,,,,,,,,,,,,,,,,,,,,0500000US51197,,,51197,"Wythe County, Virginia",28275,28275,20773,27956,13968,665,680,848,653,324,90,218,425,777,738,796,818,992,1088,984,458,624,366,517,826,511,267,303,14307,711,784,665,486,257,260,95,341,784,729,579,1080,908,1104,1109,485,610,455,723,698,639,348,457,28275,28275,20773,27956,27873,26373,609,19,214,20,56,582,38,544,402,184,0,0,0,0,28,190,190,0,28275,28275,20773,27956,118,0,0,0,23,0,0,36,50,170,208,238,567,357,282,6296,1129,1918,2841,2365,2502,1297,123,253,28275,28275,20773,27956,2113,2698,742,1246,2101,861,18195,51197
G5101990,2018-2022,VA,,,Virginia,51,York County,199,,,,,,,,,,,,,,,,,,,,,,,,,,,,,0500000US51199,,,51199,"York County, Virginia",70238,70238,47433,68748,34866,1904,2428,2419,1521,1285,337,372,1702,1892,1810,2348,2776,1983,2134,2476,940,1123,614,1125,1459,1014,607,597,35372,1816,2462,2310,1530,809,264,315,1331,1849,2154,2531,2351,2049,2218,2747,1121,973,855,1362,1323,1064,971,967,70238,70238,47433,68748,65138,47842,9155,102,3884,98,438,3619,650,2969,5100,1932,72,0,19,0,541,2536,1854,682,70238,70238,47433,68748,283,8,0,16,0,0,15,48,122,157,208,162,463,191,541,6927,1203,2678,6157,4780,12821,8105,1126,1422,70238,70238,47433,68748,1717,1545,1236,1151,1864,1480,59755,51199
G5105100,2018-2022,VA,,,Virginia,51,Alexandria city,510,,,,,,,,,,,,,,,,,,,,,,,,,,,,,0500000US51510,,,51510,"Alexandria city, Virginia",157594,157594,119669,155927,76589,5540,4070,3186,1834,1091,364,273,2645,6689,8455,8834,6110,5549,5014,4476,1657,2397,1423,1711,2229,1519,842,681,81005,5250,3392,3521,1766,1015,509,612,2857,7786,9004,8197,6369,5438,5212,4443,1963,2631,1864,2064,2643,1910,1129,1430,157594,157594,119669,155927,131502,80559,32867,215,9913,37,665,7246,1250,5996,26092,8745,778,208,153,0,7737,8471,7348,1123,157594,157594,119669,155927,1549,0,0,136,73,227,325,239,842,351,457,424,429,1222,1283,11208,1328,4637,9755,6202,37901,28147,8438,4496,157594,157594,119669,155927,5974,7786,3746,3318,6699,2581,125823,51510
G5105200,2018-2022,VA,,,Virginia,51,Bristol city,520,,,,,,,,,,,,,,,,,,,,,,,,,,,,,0500000US51520,,,51520,"Bristol city, Virginia",17036,17036,12294,16751,8213,526,446,497,262,238,128,135,225,533,335,531,615,506,531,570,293,202,430,222,314,317,148,209,8823,341,399,538,384,185,45,119,274,473,550,559,463,458,539,614,214,308,211,338,619,468,349,375,17036,17036,12294,16751,16591,14755,1066,0,50,1,111,608,59,549,445,137,0,0,0,0,59,249,249,0,17036,17036,12294,16751,49,0,0,0,0,0,7,0,81,150,38,315,345,396,313,2825,937,1153,1889,992,1447,923,221,213,17036,17036,12294,16751,1569,1271,1172,1180,1278,1128,9153,51520
G5105300,2018-2022,VA,,,Virginia,51,Buena Vista city,530,,,,,,,,,,,,,,,,,,,,,,,,,,,,,0500000US51530,,,51530,"Buena Vista city, Virginia",6639,6639,4024,6081,3128,69,183,205,226,168,11,72,303,156,154,141,231,195,178,123,56,170,46,109,136,44,91,61,3511,258,162,265,51,282,88,31,241,216,169,117,158,188,180,229,93,84,74,90,214,132,79,110,6639,6639,4024,6081,6541,5732,275,8,30,15,23,458,59,399,98,39,0,0,6,0,47,6,0,6,6639,6639,4024,6081,18,0,0,0,0,1,3,12,11,24,155,104,74,205,147,1122,192,313,471,308,528,240,11,85,6639,6639,4024,6081,363,971,114,333,491,354,3455,51530
G5105400,2018-2022,VA,,,Virginia,51,Charlottesville city,540,,,,,,,,,,,,,,,,,,,,,,,,,,,,,0500000US51540,,,51540,"Charlottesville city, Virginia",46289,46289,29416,43456,22528,1404,1034,917,369,828,887,740,2289,1989,2136,1509,1358,1188,1012,1158,456,682,276,584,827,323,359,203,23761,1005,1060,918,493,1056,1150,1190,1533,2229,2032,1662,1384,1220,1128,1383,483,554,427,692,844,506,421,391,46289,46289,29416,43456,43584,30208,7862,70,3237,0,293,1914,270,1644,2705,1508,83,0,0,0,284,830,714,116,46289,46289,29416,43456,495,2,0,12,0,0,29,0,96,122,152,139,419,473,420,3550,1071,1107,2520,1470,8241,5104,1715,2279,46289,46289,29416,43456,6953,3301,1362,1476,3013,466,26885,51540
G5105500,2018-2022,VA,,,Virginia,51,Chesapeake city,550,,,,,,,,,,,,,,,,,,,,,,,,,,,,,0500000US51550,,,51550,"Chesapeake city, Virginia",249377,249377,168224,244451,122672,7775,8291,9169,5491,3145,1882,1415,4551,8461,8956,8857,9049,7623,7606,8774,3063,3712,2194,3367,4279,2400,1560,1052,126705,7464,8385,8244,5285,2798,1402,1114,4742,7950,9095,10176,7947,7785,7963,8331,3548,4953,2889,3964,4834,3529,2065,2242,249377,249377,168224,244451,231799,137583,71264,200,9041,144,1549,12018,1509,10509,17578,5257,1770,217,138,0,4428,5768,4544,1224,249377,249377,168224,244451,2039,0,48,0,36,104,38,79,561,466,832,1133,1587,1965,2357,33024,6449,13261,27096,16989,37311,17523,3483,1843,249377,249377,168224,244451,8956,9713,7658,6032,10097,5122,196873,51550
G5105700,2018-2022,VA,,,Virginia,51,Colonial Heights city,570,,,,,,,,,,,,,,,,,,,,,,,,,,,,,0500000US51570,,,51570,"Colonial Heights city, Virginia",18158,18158,12713,17854,8304,463,581,617,338,78,167,133,235,476,650,600,393,435,683,595,127,359,163,192,373,322,171,153,9854,704,609,536,393,196,40,14,341,678,768,853,376,474,613,826,238,164,182,315,519,343,241,431,18158,18158,12713,17854,16842,12538,3009,40,656,0,4,595,6,589,1316,541,118,0,0,16,458,183,160,23,18158,18158,12713,17854,376,23,0,0,0,0,0,30,51,32,22,149,168,99,135,3434,505,1164,1714,1241,2148,1148,158,116,18158,18158,12713,17854,1125,701,457,301,1306,434,13530,51570
G5105800,2018-2022,VA,,,Virginia,51,Covington city,580,,,,,,,,,,,,,,,,,,,,,,,,,,,,,0500000US51580,,,51580,"Covington city, Virginia",5722,5722,3991,5620,2716,143,181,258,21,143,29,27,31,215,154,159,225,84,188,80,176,155,88,67,149,60,62,21,3006,206,232,196,48,62,35,41,78,204,136,175,186,95,181,213,122,151,53,157,128,116,129,62,5722,5722,3991,5620,5586,4595,754,0,64,0,0,173,3,170,136,77,16,0,0,0,0,43,43,0,5722,5722,3991,5620,11,0,0,0,0,3,0,0,7,71,10,52,39,171,90,1691,226,431,451,283,296,129,30,0,5722,5722,3991,5620,284,667,249,242,679,150,3349,51580
G5105900,2018-2022,VA,,,Virginia,51,Danville city,590,,,,,,,,,,,,,,,,,,,,,,,,,,,,,0500000US51590,,,51590,"Danville city, Virginia",42507,42507,29469,40915,19496,1175,1507,1189,826,497,249,272,909,1313,1271,1007,1087,1025,1119,1299,382,903,442,631,1101,617,363,312,23011,1241,1312,1362,722,418,187,218,954,1413,1493,1085,1233,1226,1397,1486,555,1227,488,958,1491,980,585,980,42507,42507,29469,40915,40418,17211,21218,30,588,6,59,1306,81,1225,2089,631,120,0,26,0,268,1044,755,289,42507,42507,29469,40915,395,4,0,0,0,76,32,42,326,160,390,618,968,1131,448,9550,1761,1766,3672,2634,3421,1517,387,171,42507,42507,29469,40915,4345,6005,2503,2966,2950,1657,20489,51590
G5105950,2018-2022,VA,,,Virginia,51,Emporia city,595,,,,,,,,,,,,,,,,,,,,,,,,,,,,,0500000US51595,,,51595,"Emporia city, Virginia",5680,5680,3819,5420,2531,181,229,254,234,14,27,5,11,169,106,135,147,180,164,165,71,89,87,61,46,91,23,42,3149,121,248,162,80,40,51,31,173,263,103,211,288,167,189,179,56,130,60,80,169,107,121,120,5680,5680,3819,5420,5414,1337,3426,0,44,0,0,607,98,509,266,63,14,0,0,0,0,189,189,0,5680,5680,3819,5420,159,0,0,0,0,0,0,10,108,0,42,108,174,143,138,1084,260,268,327,369,367,160,55,47,5680,5680,3819,5420,430,509,153,847,625,271,2585,51595
G5106000,2018-2022,VA,,,Virginia,51,Fairfax city,600,,,,,,,,,,,,,,,,,,,,,,,,,,,,,0500000US51600,,,51600,"Fairfax city, Virginia",24242,24242,16324,23374,11945,804,772,870,360,266,116,239,532,792,926,875,758,792,774,877,327,375,143,322,459,237,186,143,12297,972,680,680,467,235,157,177,591,732,792,948,751,688,849,995,216,359,193,392,560,356,217,290,24242,24242,16324,23374,19845,12920,1423,30,4230,0,167,1075,93,982,4397,1532,0,1,0,0,1718,1146,1028,118,24242,24242,16324,23374,228,0,0,0,0,2,99,11,153,44,61,92,15,43,520,2049,258,569,1409,968,5065,3115,719,904,24242,24242,16324,23374,1302,1035,464,585,583,266,19139,51600
G5106100,2018-2022,VA,,,Virginia,51,Falls Church city,610,,,,,,,,,,,,,,,,,,,,,,,,,,,,,0500000US51610,,,51610,"Falls Church city, Virginia",14576,14576,9712,14530,7274,412,538,571,472,347,13,58,194,462,426,490,465,528,495,538,160,175,169,253,227,112,100,69,7302,293,264,711,279,223,43,87,359,428,400,413,678,513,552,557,200,231,165,241,244,196,62,163,14576,14576,9712,14530,12936,10053,669,0,1279,0,125,810,96,714,1640,514,0,45,0,0,368,713,598,115,14576,14576,9712,14530,50,0,0,0,0,0,4,33,56,0,5,12,26,8,58,597,95,182,716,210,2969,3165,1084,442,14576,14576,9712,14530,268,70,42,181,132,188,13649,51610
G5106200,2018-2022,VA,,,Virginia,51,Franklin city,620,,,,,,,,,,,,,,,,,,,,,,,,,,,,,0500000US51620,,,51620,"Franklin city, Virginia",8194,8194,5659,8034,3921,448,363,225,231,33,71,28,131,254,263,185,196,182,186,225,116,155,20,133,114,231,50,81,4273,160,204,338,136,107,0,18,42,384,353,289,182,189,263,339,201,144,107,264,136,168,96,153,8194,8194,5659,8034,7925,3109,4212,0,276,0,0,328,0,328,269,39,0,0,0,0,34,196,196,0,8194,8194,5659,8034,75,0,0,0,0,0,22,0,8,6,113,231,188,166,82,1548,286,611,539,472,737,432,59,84,8194,8194,5659,8034,822,684,372,677,858,147,4474,51620
G5106300,2018-2022,VA,,,Virginia,51,Fredericksburg city,630,,,,,,,,,,,,,,,,,,,,,,,,,,,,,0500000US51630,,,51630,"Fredericksburg city, Virginia",28258,28258,16897,25880,13202,860,729,1050,307,684,398,376,801,1159,1018,828,667,787,809,707,169,514,182,324,396,203,125,109,15056,863,629,1030,436,1096,466,500,1136,1186,913,1121,634,774,916,781,211,546,220,453,401,352,134,258,28258,28258,16897,25880,24950,16084,5838,50,1068,0,185,1725,108,1617,3308,839,246,0,16,0,1360,847,629,218,28258,28258,16897,25880,140,7,0,0,32,62,0,25,184,0,191,232,72,190,125,3055,579,1117,2697,843,4208,2438,422,278,28258,28258,16897,25880,1861,2806,711,547,1220,205,18530,51630
G5106400,2018-2022,VA,,,Virginia,51,Galax city,640,,,,,,,,,,,,,,,,,,,,,,,,,,,,,0500000US51640,,,51640,"Galax city, Virginia",6687,6687,4432,6397,2976,215,333,108,186,33,0,59,54,135,108,119,235,220,202,273,97,63,80,114,121,113,33,75,3711,245,152,319,140,100,90,58,163,157,121,212,233,228,182,276,137,175,122,115,140,123,55,168,6687,6687,4432,6397,5308,4725,339,16,25,24,15,164,13,151,1379,428,197,0,0,0,251,503,503,0,6687,6687,4432,6397,100,12,0,0,0,0,8,50,34,63,57,181,134,160,77,1044,94,316,851,477,453,289,16,16,6687,6687,4432,6397,341,1093,689,287,455,223,3309,51640
G5106500,2018-2022,VA,,,Virginia,51,Hampton city,650,,,,,,,,,,,,,,,,,,,,,,,,,,,,,0500000US51650,,,51650,"Hampton city, Virginia",137217,137217,92527,132914,66248,4363,3911,4388,2488,1912,1222,1430,3169,5823,5151,4503,3402,3119,3358,4616,1805,2445,1393,1964,2395,1827,840,724,70969,3965,3472,4420,2276,2279,1018,1198,3179,5370,5129,4362,4189,3683,4096,4920,1890,2905,1507,2035,3608,2314,1597,1557,137217,137217,92527,132914,128189,49909,65904,306,2862,93,1185,7930,582,7348,9028,3167,1309,90,0,23,1536,2903,1939,964,137217,137217,92527,132914,1033,26,18,0,15,25,58,30,117,252,626,716,974,1587,1229,23123,3922,7157,15707,10310,15565,7729,1123,1185,137217,137217,92527,132914,8938,8952,6418,6051,6993,3766,91796,51650
G5106600,2018-2022,VA,,,Virginia,51,Harrisonburg city,660,,,,,,,,,,,,,,,,,,,,,,,,,,,,,0500000US51660,,,51660,"Harrisonburg city, Virginia",51784,51784,26275,44517,25035,1375,1227,1169,620,2851,1306,1652,1715,1818,1809,1467,1261,1461,1095,1306,312,519,153,468,650,382,278,141,26749,1105,1478,846,677,4078,1463,2016,1931,1739,1470,1302,1514,992,1167,1095,390,583,598,468,547,432,321,537,51784,51784,26275,44517,41022,33029,3610,17,1625,0,358,2383,146,2237,10762,3752,271,195,51,0,2858,3635,2759,876,51784,51784,26275,44517,768,15,7,35,43,205,76,96,670,246,266,728,408,479,264,5653,1111,1582,2264,2112,5194,2878,494,681,51784,51784,26275,44517,8338,3785,2825,2227,2923,1775,22644,51660
G5106700,2018-2022,VA,,,Virginia,51,Hopewell city,670,,,,,,,,,,,,,,,,,,,,,,,,,,,,,0500000US51670,,,51670,"Hopewell city, Virginia",23046,23046,15006,22824,10827,899,1085,758,412,325,102,195,535,667,815,553,676,500,647,594,313,391,235,281,312,291,155,86,12219,750,835,691,465,208,97,206,477,962,789,708,743,747,915,791,349,462,184,421,552,340,153,374,23046,23046,15006,22824,21003,9800,9648,5,219,0,26,1305,150,1155,2043,812,330,0,0,0,508,393,308,85,23046,23046,15006,22824,259,0,0,0,0,41,0,15,73,72,224,55,527,345,360,4816,1504,1723,1942,1384,1097,425,86,58,23046,23046,15006,22824,2734,2133,1335,2120,1560,1034,11908,51670
G5106780,2018-2022,VA,,,Virginia,51,Lexington city,678,,,,,,,,,,,,,,,,,,,,,,,,,,,,,0500000US51678,,,51678,"Lexington city, Virginia",7346,7346,3367,4185,4285,112,53,29,67,1127,369,405,377,348,200,124,113,123,142,115,28,79,192,85,65,94,26,12,3061,96,34,60,75,718,122,82,253,156,73,176,28,217,101,89,58,122,102,62,180,130,50,77,7346,7346,3367,4185,6973,5953,380,18,231,0,56,335,77,258,373,183,0,21,0,0,61,108,59,49,7346,7346,3367,4185,15,0,0,0,0,0,0,0,0,0,36,30,16,12,19,393,373,107,185,153,1040,460,95,433,7346,7346,3367,4185,457,239,4,115,299,87,2984,51678
G5106800,2018-2022,VA,,,Virginia,51,Lynchburg city,680,,,,,,,,,,,,,,,,,,,,,,,,,,,,,0500000US51680,,,51680,"Lynchburg city, Virginia",79166,79166,44182,68631,36991,2394,2082,1965,1245,2758,1536,1566,3218,3288,2408,1694,1673,1481,1560,1857,557,1125,525,859,1295,935,464,506,42175,2241,1635,2292,1152,3816,1957,1805,3322,3273,2319,1886,1956,1631,1924,2196,999,1047,813,987,1576,1283,828,1237,79166,79166,44182,68631,75478,48408,21674,94,1701,151,644,2806,304,2502,3688,1252,150,182,40,0,933,1131,801,330,79166,79166,44182,68631,661,43,11,14,0,0,37,45,86,152,359,493,758,1016,603,8727,1800,2449,6729,3417,10012,4746,911,1113,79166,79166,44182,68631,6442,5591,3392,3224,5330,2031,42621,51680
G5106830,2018-2022,VA,,,Virginia,51,Manassas city,683,,,,,,,,,,,,,,,,,,,,,,,,,,,,,0500000US51683,,,51683,"Manassas city, Virginia",42620,42620,27688,42484,21632,1674,1507,1778,846,649,114,119,1070,1630,1687,1602,1574,1421,1416,1712,342,561,271,437,642,271,167,142,20988,1615,1645,1301,869,475,250,176,844,1698,1309,1358,1685,1362,1254,1359,612,537,446,558,475,488,344,328,42620,42620,27688,42484,26093,16107,5552,46,2536,11,183,1658,325,1333,16527,6546,156,189,18,0,3583,6035,5688,347,42620,42620,27688,42484,1266,0,0,0,46,154,44,63,152,107,362,637,103,157,832,6749,1268,1563,2651,1971,6081,2847,443,192,42620,42620,27688,42484,907,1107,1684,742,1050,1399,35595,51683
G5106850,2018-2022,VA,,,Virginia,51,Manassas Park city,685,,,,,,,,,,,,,,,,,,,,,,,,,,,,,0500000US51685,,,51685,"Manassas Park city, Virginia",17123,17123,11381,17051,8685,535,413,712,366,253,64,71,308,672,478,1167,767,577,704,286,322,176,101,161,180,136,66,170,8438,642,483,718,290,278,25,199,385,732,701,774,508,316,598,421,202,301,100,21,501,73,41,129,17123,17123,11381,17051,9948,5148,2121,0,1890,0,15,774,27,747,7175,2626,393,548,0,0,2385,1223,1108,115,17123,17123,11381,17051,1032,0,0,0,0,0,33,74,60,61,161,189,71,150,432,3054,542,486,1419,770,1941,806,56,44,17123,17123,11381,17051,644,219,988,1143,1691,390,11976,51685
G5106900,2018-2022,VA,,,Virginia,51,Martinsville city,690,,,,,,,,,,,,,,,,,,,,,,,,,,,,,0500000US51690,,,51690,"Martinsville city, Virginia",13539,13539,8927,13086,6349,475,466,477,324,236,66,101,220,251,410,320,426,345,429,508,176,177,127,247,279,104,80,105,7190,474,550,349,325,148,119,0,282,413,314,456,387,383,475,511,286,259,165,265,363,213,177,276,13539,13539,8927,13086,12592,5774,5995,79,107,9,116,512,4,508,947,265,153,0,0,0,336,193,193,0,13539,13539,8927,13086,150,0,0,0,7,4,10,12,100,32,180,45,253,310,104,2313,493,494,1219,1389,1137,510,114,51,13539,13539,8927,13086,1507,1710,781,958,1445,565,6120,51690
G5107000,2018-2022,VA,,,Virginia,51,Newport News city,700,,,,,,,,,,,,,,,,,,,,,,,,,,,,,0500000US51700,,,51700,"Newport News city, Virginia",185118,185118,120199,177672,90193,6728,6537,5425,3334,3417,1732,1954,4549,8088,7390,6548,4861,4436,4653,4810,2449,3077,1559,2115,2780,1815,1230,706,94925,6333,5752,5595,3160,3036,1599,1450,4318,7669,7573,6156,5788,4951,5284,6125,2809,2738,1772,2754,3619,2664,1908,1872,185118,185118,120199,177672,166828,75608,75088,269,6318,159,1447,7939,967,6972,18290,6015,1115,67,113,81,3427,7472,5768,1704,185118,185118,120199,177672,1295,0,4,0,26,34,53,348,769,218,750,991,1545,2335,1582,29656,5864,8473,19285,12501,21039,10470,1463,1498,185118,185118,120199,177672,14103,11953,8266,6973,12706,5936,117735,51700
G5107100,2018-2022,VA,,,Virginia,51,Norfolk city,710,,,,,,,,,,,,,,,,,,,,,,,,,,,,,0500000US51710,,,51710,"Norfolk city, Virginia",236973,236973,152314,215523,120733,7921,6698,6515,3374,4584,3555,3917,9127,13228,10763,7932,6878,5536,5701,5991,2996,3692,2175,2560,3393,2087,1167,943,116240,7577,6308,6342,3315,4089,2898,2310,6129,11179,9546,7567,6341,5665,6235,6947,2889,4112,2785,3046,4116,2962,1631,2251,236973,236973,152314,215523,216285,100101,94925,595,8913,354,697,10700,847,9853,20688,6108,1562,366,104,55,7230,5263,4117,1146,236973,236973,152314,215523,2387,18,49,46,58,64,213,158,696,278,903,1755,2868,3191,3685,30020,7145,11230,25662,12893,29179,13953,3661,2202,236973,236973,152314,215523,17802,18540,10688,9446,15900,6477,136670,51710
G5107200,2018-2022,VA,,,Virginia,51,Norton city,720,,,,,,,,,,,,,,,,,,,,,,,,,,,,,0500000US51720,,,51720,"Norton city, Virginia",3668,3668,2684,3604,1692,49,76,128,70,83,23,76,24,158,24,130,141,94,146,108,80,34,31,107,37,23,6,44,1976,71,44,136,50,93,0,61,0,89,107,71,189,79,147,133,108,56,67,67,167,76,65,100,3668,3668,2684,3604,3668,3462,75,0,2,0,0,129,13,116,0,0,0,0,0,0,0,0,0,0,3668,3668,2684,3604,0,0,0,0,0,0,0,2,20,39,38,24,49,83,9,820,115,193,527,245,293,205,13,9,3668,3668,2684,3604,606,443,206,167,306,0,1876,51720
G5107300,2018-2022,VA,,,Virginia,51,Petersburg city,730,,,,,,,,,,,,,,,,,,,,,,,,,,,,,0500000US51730,,,51730,"Petersburg city, Virginia",33261,33261,22903,32754,15163,1224,1218,762,565,397,326,94,610,1261,1131,1029,671,696,990,921,555,554,480,489,463,352,201,174,18098,1240,1175,700,464,288,143,230,922,1711,1283,1050,939,849,1195,1180,656,605,413,677,829,524,407,618,33261,33261,22903,32754,31496,4949,25081,16,442,19,14,975,133,842,1765,583,617,0,0,0,142,423,400,23,33261,33261,22903,32754,317,0,0,0,0,98,0,105,223,164,296,403,329,554,618,6598,1622,1906,2880,1806,3094,1594,120,176,33261,33261,22903,32754,3627,3648,1845,2236,2162,1136,18100,51730
G5107350,2018-2022,VA,,,Virginia,51,Poquoson city,735,,,,,,,,,,,,,,,,,,,,,,,,,,,,,0500000US51735,,,51735,"Poquoson city, Virginia",12479,12479,8747,12452,6277,311,399,445,289,132,64,22,270,299,327,486,384,417,395,449,230,207,139,187,325,287,96,117,6202,268,373,415,320,134,0,0,290,273,333,384,392,393,477,462,218,167,110,158,413,241,179,202,12479,12479,8747,12452,12055,11178,225,14,261,0,51,326,53,273,424,366,0,0,0,0,23,35,35,0,12479,12479,8747,12452,99,0,0,0,0,0,3,0,0,0,20,43,27,57,87,2206,185,601,1227,829,1809,1152,291,111,12479,12479,8747,12452,202,358,271,233,227,147,11014,51735
G5107400,2018-2022,VA,,,Virginia,51,Portsmouth city,740,,,,,,,,,,,,,,,,,,,,,,,,,,,,,0500000US51740,,,51740,"Portsmouth city, Virginia",97384,97384,65575,94087,46879,3567,2872,3314,1616,1144,915,603,2340,4164,3872,3114,2838,2471,2513,2611,1220,1739,1031,1254,1537,897,601,646,50505,3349,3126,3051,1554,1022,719,565,2052,4003,4055,3095,3117,2639,3015,3255,1181,1970,1148,1585,2341,1586,1091,986,97384,97384,65575,94087,92505,35463,49647,278,1335,29,487,5266,273,4993,4879,1219,444,126,55,33,1447,1555,900,655,97384,97384,65575,94087,737,14,8,44,30,14,42,58,50,125,507,809,1360,1591,1485,17012,3970,5512,12079,6195,8863,3976,618,476,97384,97384,65575,94087,8809,7522,4722,4616,8295,2589,57534,51740
G5107500,2018-2022,VA,,,Virginia,51,Radford city,750,,,,,,,,,,,,,,,,,,,,,,,,,,,,,0500000US51750,,,51750,"Radford city, Virginia",16379,16379,7321,13320,7411,302,204,324,113,1096,683,521,717,514,378,276,308,319,357,356,65,240,36,182,188,103,80,49,8968,305,243,239,214,1775,578,691,1053,500,357,455,347,300,332,511,58,120,154,140,191,183,95,127,16379,16379,7321,13320,15848,13540,1441,6,373,0,35,453,41,412,531,264,19,0,0,4,74,170,153,17,16379,16379,7321,13320,11,0,0,0,0,0,0,0,0,109,94,112,62,59,41,1121,222,341,1352,519,1565,1196,161,356,16379,16379,7321,13320,2806,1695,337,803,610,78,6991,51750
G5107600,2018-2022,VA,,,Virginia,51,Richmond city,760,,,,,,,,,,,,,,,,,,,,,,,,,,,,,0500000US51760,,,51760,"Richmond city, Virginia",227171,227171,160905,217337,108032,6648,5301,5128,2629,3749,1676,1432,5376,12287,11517,9193,5600,5576,5945,6214,2422,4222,2234,2693,3912,1852,1131,1295,119139,6260,5261,4980,2709,5000,2248,2081,5788,13200,12050,8148,6426,5767,6323,7453,2707,4613,2649,3429,4769,3258,1570,2450,227171,227171,160905,217337,209865,95033,99372,262,4976,104,859,9259,1207,8052,17306,6335,483,93,152,4,6628,3611,2710,901,227171,227171,160905,217337,1793,0,0,102,342,355,302,350,1812,659,1419,1923,3144,3926,1951,26718,6404,7370,22688,8648,41357,19960,5892,3790,227171,227171,160905,217337,21664,20660,10631,9501,12307,6229,136345,51760
G5107700,2018-2022,VA,,,Virginia,51,Roanoke city,770,,,,,,,,,,,,,,,,,,,,,,,,,,,,,0500000US51770,,,51770,"Roanoke city, Virginia",99213,99213,69643,97496,46791,2959,3021,3058,1643,1054,438,379,1916,3707,3685,3502,2503,2942,3013,3584,892,1604,971,1569,1919,932,563,937,52422,3418,2862,3313,1749,818,518,629,1795,4006,3794,3372,3028,2986,3094,3141,1671,1700,1321,1747,2859,1558,899,2144,99213,99213,69643,97496,92375,56565,28493,84,3199,98,380,3556,349,3207,6838,2024,647,21,0,0,1318,2828,2386,442,99213,99213,69643,97496,959,8,26,9,2,79,58,112,250,235,612,642,1823,1727,1036,19319,4663,5684,7504,5109,12316,4647,1773,1050,99213,99213,69643,97496,9390,9245,4673,5476,7255,2886,58571,51770
G5107750,2018-2022,VA,,,Virginia,51,Salem city,775,,,,,,,,,,,,,,,,,,,,,,,,,,,,,0500000US51775,,,51775,"Salem city, Virginia",25372,25372,17311,22735,12187,543,470,965,469,641,252,242,482,711,765,751,705,725,737,730,288,660,381,403,460,372,207,228,13185,469,688,725,401,635,373,372,334,683,687,806,753,785,866,766,404,587,369,414,749,555,248,516,25372,25372,17311,22735,24415,21189,1980,28,450,31,210,527,35,492,957,402,23,8,0,0,203,321,297,24,25372,25372,17311,22735,95,0,0,12,6,0,17,4,23,40,163,102,159,260,171,3929,756,1742,1940,2262,3331,1721,307,271,25372,25372,17311,22735,1099,1087,803,1245,1721,468,16312,51775
G5107900,2018-2022,VA,,,Virginia,51,Staunton city,790,,,,,,,,,,,,,,,,,,,,,,,,,,,,,0500000US51790,,,51790,"Staunton city, Virginia",25581,25581,18357,24146,11715,818,725,552,337,151,116,93,421,737,911,942,794,729,638,898,234,364,261,488,665,427,190,224,13866,681,617,693,422,554,277,214,553,911,842,865,753,824,718,940,355,492,267,626,831,370,364,697,25581,25581,18357,24146,24609,20430,2590,24,364,156,18,1027,20,1007,972,487,149,3,0,0,192,141,98,43,25581,25581,18357,24146,163,0,0,0,0,19,0,0,16,51,135,265,260,278,173,4506,1086,1104,2888,1252,3406,1865,407,483,25581,25581,18357,24146,1239,1524,1280,1016,1910,728,16449,51790
G5108000,2018-2022,VA,,,Virginia,51,Suffolk city,800,,,,,,,,,,,,,,,,,,,,,,,,,,,,,0500000US51800,,,51800,"Suffolk city, Virginia",94856,94856,64647,93993,46381,3053,3348,3149,1832,1233,649,384,1836,2934,3262,3282,2966,2910,3035,3252,1496,1576,1093,1218,1680,1246,651,296,48475,2943,2893,3264,1925,1015,546,486,1653,3024,3434,3381,3074,3056,3359,3423,1229,1941,1080,1231,2104,1553,880,981,94856,94856,64647,93993,90283,45202,38919,88,1720,0,453,3901,489,3412,4573,944,494,205,70,0,1178,1682,1332,350,94856,94856,64647,93993,965,0,0,0,73,30,40,85,347,232,359,706,938,1131,799,14643,2409,4183,11160,5807,12702,6138,1014,886,94856,94856,64647,93993,4267,4601,2745,3242,4916,2310,71912,51800
G5108100,2018-2022,VA,,,Virginia,51,Virginia Beach city,810,,,,,,,,,,,,,,,,,,,,,,,,,,,,,0500000US51810,,,51810,"Virginia Beach city, Virginia",457900,457900,316178,449133,225616,14116,14387,14685,8585,5456,3346,2919,10026,18677,18487,17022,14729,13082,13330,14337,5451,7433,4513,6278,7669,5408,2959,2721,232284,13463,13520,13869,8251,4801,2895,2788,8615,17597,17947,16418,14996,13595,14520,15272,6166,8634,5976,7298,8930,7396,4574,4763,457900,457900,316178,449133,417761,274504,83534,550,31816,405,2140,24812,1848,22964,40139,12911,2963,550,864,202,8488,14161,9949,4212,457900,457900,316178,449133,2931,286,14,32,9,235,62,205,580,407,1059,1801,2395,3259,4069,53968,11630,24433,49552,33461,78171,35380,7130,5109,457900,457900,316178,449133,17363,18722,9338,15127,20341,10907,357335,51810
G5108200,2018-2022,VA,,,Virginia,51,Waynesboro city,820,,,,,,,,,,,,,,,,,,,,,,,,,,,,,0500000US51820,,,51820,"Waynesboro city, Virginia",22341,22341,15799,22073,10995,798,742,888,444,146,103,211,320,861,771,728,727,537,656,793,245,380,175,302,501,337,136,194,11346,607,870,387,241,247,19,113,406,1183,698,755,625,772,639,639,491,416,269,435,385,447,208,494,22341,22341,15799,22073,20266,16262,2133,30,380,0,0,1461,248,1213,2075,798,230,36,14,0,457,540,392,148,22341,22341,15799,22073,263,25,0,0,0,15,27,16,232,14,137,276,248,330,284,4529,991,1168,1748,1196,2595,1174,274,257,22341,22341,15799,22073,2157,1405,1478,841,973,1207,14012,51820
G5108300,2018-2022,VA,,,Virginia,51,Williamsburg city,830,,,,,,,,,,,,,,,,,,,,,,,,,,,,,0500000US51830,,,51830,"Williamsburg city, Virginia",15486,15486,7688,10629,7277,243,176,375,115,1456,621,327,336,421,407,217,351,138,237,299,191,159,127,216,354,217,81,213,8209,107,284,139,143,1694,1015,348,419,401,409,343,243,141,324,409,164,237,139,291,311,248,290,110,15486,15486,7688,10629,14297,10489,2348,0,1046,0,10,404,32,372,1189,229,12,59,39,0,146,704,621,83,15486,15486,7688,10629,89,12,0,0,0,0,0,0,75,0,7,50,135,103,46,1096,147,497,791,749,2068,1120,297,406,15486,15486,7688,10629,926,525,439,256,649,371,7463,51830
G5108400,2018-2022,VA,,,Virginia,51,Winchester city,840,,,,,,,,,,,,,,,,,,,,,,,,,,,,,0500000US51840,,,51840,"Winchester city, Virginia",28103,28103,18799,26939,13874,782,985,920,549,720,96,241,407,1142,809,955,928,745,840,870,399,511,213,372,567,395,211,217,14229,872,585,986,584,681,134,194,568,1052,944,954,716,754,855,980,187,543,341,428,675,499,360,337,28103,28103,18799,26939,22849,17956,2746,59,589,0,206,1293,282,1011,5254,2525,47,22,0,0,1541,1119,922,197,28103,28103,18799,26939,207,0,0,36,0,68,83,7,193,100,332,464,348,320,286,4203,1019,1104,2705,1259,3562,1851,416,236,28103,28103,18799,26939,1845,2694,1344,1467,1736,853,17000,51840
